rid,n,infl,link,foreign,register
1258,3,1,0,0,none
8382,3,1,0,1,none
11689,3,1,1,0,justice
11740,3,1,1,0,justice
13350,3,1,1,0,institution
13372,3,1,1,0,institution
18441,3,1,0,0,none
21256,3,1,0,0,none
26128,3,1,0,0,none
27234,3,0,0,0,none
27394,3,0,0,0,none
28202,3,1,0,0,none
28611,3,0,0,0,none
28805,3,1,0,0,none
29411,3,1,0,0,none
30132,3,1,0,0,none
32800,3,1,1,1,justice
33659,3,0,0,0,none
34156,3,1,0,0,none
36451,3,1,0,0,none
44155,3,1,1,1,justice
46120,3,1,1,0,institution
46864,3,0,0,1,none
48572,3,1,0,0,none
49177,3,0,0,0,none
49897,3,0,0,0,none
51661,3,0,0,0,none
52567,3,0,0,0,none
54046,3,1,1,0,institution
54919,3,1,0,0,none
54993,3,1,0,0,none
54997,3,1,0,0,none
61147,3,1,0,0,none
63015,3,1,1,0,institution
63155,3,1,1,0,institution
63197,3,1,1,0,institution
66943,3,1,0,0,none
69219,3,1,1,1,charity
72814,3,1,1,1,charity
73775,3,1,1,0,institution
74033,3,0,0,0,none
74047,3,0,0,0,none
76476,3,0,0,0,none
78803,3,1,0,0,none
80751,3,0,0,0,none
83495,3,1,1,0,other
86429,3,1,0,0,none
90014,3,1,1,0,devotional
90627,3,1,1,0,other
91119,3,1,0,0,none
91428,3,1,1,0,institution
91557,3,1,1,1,charity
92819,3,1,0,0,none
93088,3,1,1,1,institution
93309,3,1,1,0,institution
93979,3,1,1,0,institution
94032,3,1,0,0,none
95727,3,1,0,0,none
95746,3,1,0,0,none
99005,3,0,0,0,none
99304,3,1,1,0,institution
99388,3,1,1,0,institution
99921,3,1,1,0,institution
99940,3,1,1,0,institution
100023,3,1,1,0,institution
103331,3,1,0,0,none
103332,3,1,0,0,none
103333,3,1,0,0,none
104489,3,1,0,0,none
105512,3,1,0,0,none
105514,3,1,0,0,none
105634,3,1,1,0,institution
107096,3,1,1,0,institution
108157,3,1,0,0,none
108538,3,1,1,0,institution
108539,3,1,0,0,none
108628,3,1,0,0,none
109314,3,1,1,1,institution
109315,3,1,1,1,institution
109316,3,1,1,1,institution
109319,3,1,1,1,institution
109321,3,1,1,1,institution
109325,3,1,1,1,institution
109328,3,1,1,1,institution
109333,3,1,1,1,institution
109339,3,1,1,1,institution
109726,3,1,0,1,none
109935,3,1,1,1,institution
110519,3,1,1,0,charity
110542,3,1,1,0,devotional
110685,3,0,0,1,none
111541,3,1,1,0,institution
114146,3,0,0,0,none
114381,3,1,1,0,institution
114526,3,1,1,0,institution
115291,3,1,0,0,none
115919,3,1,1,0,charity
115940,3,1,1,0,charity
115942,3,1,1,0,charity
115951,3,1,1,0,charity
115952,3,1,1,0,charity
115953,3,1,1,0,charity
115961,3,1,1,0,charity
115977,3,1,1,0,charity
116803,3,1,1,0,charity
117070,3,0,0,0,none
117151,3,1,1,0,charity
117771,3,1,1,0,institution
118014,3,1,0,0,none
118157,3,1,0,0,none
118966,3,1,1,0,other
119019,3,1,1,0,other
119507,3,1,0,0,none
119622,3,1,0,0,none
119646,3,1,1,0,devotional
119743,3,1,1,0,devotional
119767,3,1,1,0,devotional
119819,3,1,1,0,devotional
119843,3,1,1,0,devotional
119901,3,1,1,0,devotional
119902,3,1,1,0,devotional
119903,3,1,1,0,devotional
119922,3,1,1,0,institution
119933,3,1,1,0,institution
119934,3,1,1,0,devotional
119957,3,1,1,0,institution
119963,3,1,1,0,justice
119975,3,1,1,0,institution
119997,3,1,1,0,institution
120003,3,1,1,0,institution
120026,3,1,1,0,institution
120482,3,1,0,1,none
120654,3,1,0,0,none
121303,3,1,0,1,none
121530,3,1,1,0,charity
121561,3,1,1,0,charity
121719,3,1,1,0,charity
121740,3,1,1,0,charity
121781,3,1,1,0,charity
121853,3,1,1,0,charity
121896,3,1,1,0,charity
122889,3,0,1,0,other
123269,3,1,1,1,institution
123603,3,1,1,0,institution
124272,3,0,0,0,none
124465,3,1,1,1,justice
125162,3,1,0,0,none
125229,3,1,1,0,institution
125232,3,1,1,0,institution
125311,3,1,1,0,institution
125313,3,1,1,0,institution
125323,3,1,1,0,institution
125481,3,1,1,0,institution
125515,3,1,1,0,institution
125621,3,1,1,0,institution
126159,3,1,0,0,none
126306,3,1,0,1,none
126396,3,1,1,0,disputed
126528,3,1,1,0,charity
126577,3,1,1,0,charity
126601,3,1,1,0,charity
126944,3,1,0,0,none
127207,3,0,0,0,none
127308,3,1,1,0,institution
127422,3,1,1,0,institution
127446,3,1,1,0,institution
127448,3,1,1,0,institution
127452,3,1,1,0,institution
127462,2,1,1,0,institution
127469,3,1,1,0,institution
127479,3,1,1,0,institution
127480,3,1,1,0,institution
127487,3,1,1,0,institution
127489,3,1,1,0,institution
127493,3,1,1,0,institution
127502,3,1,1,0,institution
127504,3,1,1,0,institution
127507,3,1,1,0,institution
127509,3,1,1,0,institution
127512,3,1,1,0,institution
127514,3,1,1,0,institution
127515,3,1,1,0,institution
127517,3,1,1,0,institution
127519,3,1,1,0,institution
127521,3,1,1,0,institution
127528,3,1,1,0,institution
127978,3,1,0,0,none
128703,3,0,0,0,none
128938,3,1,0,0,none
130384,3,1,1,0,charity
130671,3,1,1,0,charity
130672,3,1,1,0,charity
131112,3,1,0,0,none
131283,3,1,0,0,none
131351,3,1,0,0,none
131479,3,1,0,0,none
132058,3,1,0,0,none
132073,3,1,0,0,none
132434,3,1,0,1,none
132469,3,1,0,0,none
132541,3,1,0,1,none
132567,3,1,0,0,none
132591,3,1,0,0,none
132593,3,1,0,0,none
132605,3,1,0,0,none
132612,3,1,0,0,none
132620,3,1,0,0,none
132628,3,1,0,0,none
132629,3,1,0,0,none
132637,3,1,0,0,none
132642,3,1,0,0,none
132644,3,1,0,0,none
132647,3,1,0,0,none
132651,3,1,0,0,none
132653,3,1,0,0,none
132658,3,1,0,0,none
132661,3,1,0,0,none
132684,3,1,0,0,none
132685,3,1,0,0,none
132723,3,1,0,0,none
132805,3,1,0,0,none
133906,3,1,0,0,none
133944,3,1,1,0,institution
133949,3,0,0,0,none
135410,3,1,1,0,devotional
135411,3,1,0,0,none
135437,3,1,0,0,none
136200,3,1,0,1,none
136262,3,1,0,1,none
136263,3,1,0,1,none
136390,3,1,0,0,none
136465,3,1,0,1,none
136626,3,1,0,0,none
136829,3,1,1,0,charity
136980,3,1,0,0,none
137059,3,1,0,0,none
137200,3,1,1,0,institution
137210,3,1,1,0,institution
137283,3,1,1,0,institution
137297,3,1,1,0,institution
137322,3,1,1,0,institution
137345,3,1,1,0,institution
137822,3,1,0,0,none
137960,3,1,0,0,none
138458,3,0,0,0,none
139126,3,1,0,0,none
139547,3,0,0,0,none
139550,3,0,0,0,none
140063,3,0,0,0,none
140157,3,1,1,0,charity
140231,3,1,1,0,charity
140428,3,1,0,0,none
142569,3,1,0,0,none
143034,3,1,1,0,institution
143108,3,1,1,0,institution
143715,3,1,1,1,cost_relig_life
144784,3,1,1,0,charity
145266,3,1,0,0,none
146785,3,1,1,0,institution
146840,3,1,1,0,cost_relig_life
147010,3,1,0,0,none
148257,3,0,0,0,none
148482,3,1,0,0,none
148553,3,1,0,0,none
148591,3,1,0,0,none
148605,3,1,0,0,none
148754,3,1,1,0,other
149862,3,1,1,1,justice
149991,3,1,0,0,none
150074,3,1,1,0,charity
150420,3,1,0,0,none
150421,3,1,0,0,none
150592,3,1,1,0,cost_relig_life
151666,3,1,1,1,cost_relig_life
151880,3,1,1,0,institution
151886,3,1,1,0,institution
151912,3,1,1,0,institution
151950,3,1,1,0,institution
151953,3,1,1,0,institution
151960,3,1,1,0,institution
151968,3,1,1,0,institution
151971,3,1,1,0,institution
151986,3,1,1,0,institution
151989,3,1,1,0,institution
152003,3,1,1,0,institution
152004,3,1,1,0,institution
152008,3,1,1,0,institution
152032,3,1,1,0,institution
152043,3,1,1,0,institution
152190,3,1,1,0,cost_relig_life
152211,3,1,1,0,institution
152225,3,1,1,0,cost_relig_life
154461,3,1,1,0,disputed
154471,3,1,1,0,disputed
154971,3,1,1,0,institution
154998,3,1,1,0,institution
155200,3,1,1,1,institution
155745,3,1,0,0,none
156669,3,1,1,0,devotional
156757,3,1,1,0,charity
156775,3,1,1,0,charity
157017,3,1,1,0,institution
157289,3,1,0,1,none
157290,3,1,0,1,none
157433,3,1,1,0,institution
157653,3,1,1,1,charity
158131,3,1,0,0,none
159743,3,1,0,1,none
159746,3,1,0,1,none
159766,3,1,0,1,none
160079,3,1,1,0,charity
160293,3,1,1,0,institution
160508,3,1,1,0,institution
160572,3,1,1,0,institution
160638,3,1,1,0,institution
160639,3,1,1,0,institution
160803,3,1,1,0,institution
160986,3,1,1,1,devotional
162802,3,1,1,0,institution
162820,3,1,1,0,institution
163154,3,1,1,0,charity
163160,3,1,1,0,institution
163609,3,1,0,0,none
164593,3,1,0,0,none
164797,3,1,0,0,none
166375,3,1,1,0,devotional
166560,3,1,0,0,none
168632,3,1,1,0,institution
168637,3,1,1,0,institution
168654,3,1,1,0,institution
169399,3,1,0,0,none
169441,3,1,0,0,none
169447,3,1,0,0,none
169449,3,1,0,0,none
169458,3,1,0,0,none
169488,3,1,0,0,none
169837,3,1,1,0,institution
169843,3,1,1,0,institution
169844,3,1,0,0,none
170192,3,1,1,0,cost_relig_life
170208,3,1,1,0,cost_relig_life
170211,3,1,1,0,cost_relig_life
170216,3,1,1,0,cost_relig_life
170217,3,1,1,0,cost_relig_life
170227,3,1,1,0,cost_relig_life
170254,3,1,1,0,cost_relig_life
170255,3,1,1,0,cost_relig_life
170257,3,1,1,0,cost_relig_life
170258,3,1,1,0,cost_relig_life
170259,3,1,1,0,cost_relig_life
170272,3,1,1,0,cost_relig_life
170283,3,1,1,0,cost_relig_life
170285,3,1,1,0,cost_relig_life
170289,3,1,1,0,cost_relig_life
170292,3,1,1,0,cost_relig_life
170294,3,1,1,0,cost_relig_life
170298,3,1,1,0,cost_relig_life
170299,3,1,1,0,cost_relig_life
170304,3,1,1,0,cost_relig_life
170308,3,1,1,0,cost_relig_life
170312,3,1,1,0,cost_relig_life
170314,3,1,1,0,cost_relig_life
170324,3,1,1,0,cost_relig_life
170328,3,1,1,0,cost_relig_life
170329,3,1,1,0,cost_relig_life
170330,3,1,1,0,cost_relig_life
170331,3,1,1,0,cost_relig_life
170333,3,1,1,0,cost_relig_life
170337,3,1,1,0,cost_relig_life
170338,3,1,1,0,cost_relig_life
170351,3,1,1,0,cost_relig_life
170352,3,1,1,0,cost_relig_life
170355,3,1,1,0,cost_relig_life
170366,3,1,1,0,cost_relig_life
170424,3,1,1,0,cost_relig_life
170499,3,1,1,0,cost_relig_life
171372,3,0,0,0,none
171424,3,1,1,1,institution
172870,3,1,1,0,institution
173034,3,1,1,0,institution
173038,3,1,1,0,institution
173058,3,1,1,0,institution
173447,3,1,1,0,institution
173455,3,1,1,0,institution
173543,3,1,1,1,justice
173560,3,1,1,1,justice
173562,3,1,1,1,justice
173565,3,1,1,1,justice
173571,3,1,1,1,justice
173574,3,1,1,1,justice
173575,3,1,1,1,justice
173616,3,1,1,1,justice
173940,3,1,0,0,none
174008,3,1,0,0,none
174063,3,1,1,0,charity
174101,3,1,0,0,none
174225,3,0,1,0,cost_relig_life
174226,3,0,1,0,cost_relig_life
174240,3,0,1,0,cost_relig_life
174244,3,0,1,0,cost_relig_life
174368,3,1,1,0,institution
174725,3,1,1,0,cost_relig_life
174790,3,1,1,0,cost_relig_life
174896,3,1,0,0,none
174897,3,1,0,0,none
175012,3,1,0,0,none
175021,3,1,0,0,none
175039,3,1,0,0,none
175057,3,1,0,0,none
175061,3,1,0,0,none
175067,3,1,0,0,none
175087,3,1,0,0,none
175201,3,1,1,0,institution
175398,3,1,0,1,none
176919,3,1,0,0,none
177215,3,1,1,0,cost_relig_life
177512,3,1,0,0,none
177960,3,1,0,0,none
177961,3,1,1,0,justice
178955,3,1,1,0,cost_relig_life
179265,3,1,1,1,institution
179270,3,1,1,0,justice
179276,3,1,1,1,institution
179277,3,1,1,1,institution
179281,3,1,1,1,institution
179286,3,1,1,1,institution
179291,3,1,1,1,institution
179299,3,1,1,1,institution
179300,3,1,1,1,institution
179301,3,1,1,1,institution
179315,3,1,1,1,cost_relig_life
179733,3,0,1,0,devotional
179739,3,0,1,0,devotional
179841,3,0,1,0,devotional
179893,3,1,1,0,institution
180323,3,1,1,0,institution
180324,3,1,0,0,none
180397,3,1,1,0,institution
180977,3,1,1,0,cost_relig_life
180982,3,1,0,0,none
183706,3,1,1,0,charity
184232,3,1,1,0,institution
184241,3,1,1,0,institution
184365,3,1,1,1,institution
184374,3,1,1,0,institution
184409,3,1,1,1,justice
184753,3,1,1,0,cost_relig_life
186144,3,1,1,0,institution
186687,3,1,1,0,charity
186926,3,1,1,0,justice
188687,3,1,0,0,none
188697,3,1,0,0,none
189870,3,1,0,0,none
190233,3,0,0,0,none
190689,3,1,0,0,none
193149,3,1,1,0,cost_relig_life
194256,3,0,0,0,none
194717,3,1,1,0,cost_relig_life
194847,3,1,1,0,cost_relig_life
194873,3,1,1,0,cost_relig_life
195079,3,1,1,1,institution
195253,3,1,1,1,institution
195417,3,1,1,1,institution
195648,3,1,1,1,institution
195658,3,1,1,1,institution
195666,3,1,1,1,institution
195667,3,1,1,1,institution
195747,3,1,0,0,none
197598,3,1,0,0,none
200261,3,1,0,0,none
200269,3,1,1,0,cost_relig_life
200270,3,1,1,0,cost_relig_life
200380,3,1,1,0,cost_relig_life
200466,3,1,0,0,none
200767,3,1,0,0,none
200783,3,1,0,0,none
200792,3,1,0,0,none
200802,3,1,0,0,none
202315,3,1,0,0,none
202981,3,1,1,1,justice
204214,3,1,0,0,none
205349,3,1,1,0,cost_relig_life
206312,3,1,0,0,none
206644,3,1,0,0,none
206645,3,1,0,0,none
206646,3,1,0,0,none
208268,3,1,1,0,charity
208363,3,1,1,0,charity
208890,3,1,1,0,justice
209060,3,1,1,0,cost_relig_life
209605,3,1,1,0,institution
209736,3,1,0,0,none
210551,3,1,1,1,charity
210755,3,1,0,0,none
211051,3,1,0,0,none
211054,3,1,0,0,none
211063,3,1,0,0,none
211068,3,1,0,0,none
211914,3,1,0,0,none
212304,3,1,0,0,none
214162,3,0,0,1,none
214175,3,0,0,1,none
214181,3,0,0,1,none
214182,3,0,0,1,none
214184,3,0,0,1,none
214185,3,0,0,1,none
214190,3,0,0,1,none
214192,3,0,0,1,none
214193,3,0,0,1,none
215166,3,1,1,0,institution
216304,3,1,1,0,cost_relig_life
217193,3,1,0,0,none
217296,3,1,1,0,institution
217666,3,1,1,0,devotional
217702,3,1,1,0,devotional
218774,3,1,0,0,none
218799,3,1,0,0,none
218940,3,1,0,0,none
218996,3,1,0,1,none
219167,3,1,1,1,justice
221181,3,1,1,0,institution
221194,3,1,1,0,institution
223181,3,1,0,0,none
223182,3,1,0,0,none
223690,3,1,0,0,none
223732,3,1,0,0,none
223740,3,1,0,0,none
223746,3,1,0,0,none
226371,3,1,1,0,justice
227067,3,1,1,0,cost_relig_life
228101,3,1,0,0,none
228792,3,1,1,0,institution
229147,3,1,0,0,none
230645,3,1,1,0,charity
230917,3,1,0,1,none
231223,3,1,1,1,cost_relig_life
231429,3,1,0,1,none
231553,3,1,1,1,institution
231557,3,1,1,1,institution
231559,3,1,1,1,institution
231569,3,1,1,0,cost_relig_life
231677,3,1,1,0,cost_relig_life
231716,3,1,1,1,institution
233595,3,1,0,0,none
233656,3,1,0,0,none
233816,3,1,0,0,none
233852,3,1,0,0,none
235332,3,1,0,1,none
236623,3,1,1,0,cost_relig_life
236638,3,1,1,0,institution
236647,3,1,1,0,institution
236660,3,1,1,0,institution
236699,3,1,1,0,institution
236770,3,1,1,1,cost_relig_life
236995,3,1,1,0,charity
237014,3,1,1,1,cost_relig_life
237789,3,1,0,0,none
238908,3,1,1,0,cost_relig_life
239149,3,1,1,0,institution
240006,3,1,1,0,institution
240023,3,1,1,0,institution
240229,3,1,1,1,justice
241956,3,1,1,0,cost_relig_life
241962,3,1,1,0,cost_relig_life
241963,3,1,1,0,cost_relig_life
242014,3,1,0,0,none
242620,3,1,1,0,institution
242702,3,1,1,0,institution
242705,3,1,1,0,cost_relig_life
242804,3,1,0,0,none
242815,3,1,1,0,charity
242826,3,1,0,0,none
242842,3,1,0,0,none
242849,3,1,0,0,none
242901,3,1,1,0,charity
244042,3,1,1,1,other
244160,3,1,1,0,charity
244591,3,1,1,0,cost_relig_life
244664,3,1,1,0,cost_relig_life
244681,2,1,1,0,disputed
244708,3,1,1,0,institution
244769,3,1,1,0,cost_relig_life
244774,3,1,1,0,cost_relig_life
244775,3,1,1,0,cost_relig_life
245308,3,1,1,0,devotional
245327,3,1,1,0,devotional
246603,3,1,0,0,none
247117,3,1,1,1,institution
248124,3,1,1,0,charity
248125,3,1,1,0,charity
248654,3,1,0,0,none
250304,3,1,1,0,institution
250576,3,1,1,0,cost_relig_life
250902,3,1,1,0,institution
251966,3,1,1,0,cost_relig_life
251982,3,1,1,0,disputed
252012,3,1,0,0,none
252491,3,1,0,0,none
253091,3,1,0,0,none
253119,3,1,0,0,none
253167,3,1,0,0,none
253478,3,1,0,0,none
253493,3,1,0,0,none
253528,3,1,0,0,none
253530,3,1,0,0,none
254392,3,1,0,0,none
254681,3,1,0,1,none
254699,3,1,0,1,none
255130,3,0,0,0,none
255509,3,1,1,0,institution
255555,3,1,1,0,institution
255604,3,1,1,0,institution
255669,3,1,1,0,institution
255679,3,1,1,0,institution
255681,3,1,1,0,institution
255756,3,1,1,0,institution
255761,3,1,1,0,institution
255767,3,1,1,0,institution
255788,3,1,1,0,institution
255789,3,1,1,0,institution
256548,3,1,1,0,cost_relig_life
256558,3,1,1,0,cost_relig_life
256949,3,0,0,0,none
257235,3,1,1,0,devotional
257489,3,1,0,0,none
257844,3,1,1,0,cost_relig_life
257945,3,1,1,0,institution
258099,3,1,1,0,cost_relig_life
258223,3,1,1,0,cost_relig_life
258251,3,1,1,0,cost_relig_life
258253,3,1,1,0,cost_relig_life
258346,3,1,1,0,cost_relig_life
258396,3,1,1,0,cost_relig_life
258397,3,1,1,0,cost_relig_life
258398,3,1,1,0,cost_relig_life
258413,3,1,1,0,cost_relig_life
259221,3,1,0,1,none
261846,3,1,1,0,institution
261970,3,1,1,0,institution
262959,3,1,0,0,none
263001,3,1,1,0,institution
263027,3,1,1,0,institution
263436,3,1,0,0,none
263437,3,1,0,0,none
263460,3,1,0,0,none
263461,3,1,0,0,none
264108,3,1,0,0,none
265198,3,1,1,1,charity
265432,3,0,0,0,none
265838,3,1,1,0,cost_relig_life
265847,3,1,1,0,cost_relig_life
265852,3,1,1,0,cost_relig_life
265873,3,1,1,0,cost_relig_life
265877,3,1,1,0,cost_relig_life
265878,3,1,1,0,cost_relig_life
265891,3,1,1,0,cost_relig_life
265931,3,1,1,0,cost_relig_life
265951,3,1,1,0,cost_relig_life
265967,3,1,1,0,cost_relig_life
265973,3,1,1,0,cost_relig_life
265989,3,1,1,0,cost_relig_life
265994,3,1,1,0,cost_relig_life
266028,3,1,1,0,cost_relig_life
266029,3,1,1,0,cost_relig_life
266065,3,1,1,0,cost_relig_life
266095,3,1,1,0,cost_relig_life
266104,3,1,1,0,cost_relig_life
266108,3,1,1,0,cost_relig_life
266112,3,1,1,0,cost_relig_life
266118,3,1,1,0,cost_relig_life
266129,3,1,1,0,cost_relig_life
266131,3,1,1,0,cost_relig_life
266132,3,1,1,0,cost_relig_life
266134,3,1,1,0,cost_relig_life
266143,3,1,1,0,cost_relig_life
266146,3,1,1,0,cost_relig_life
266152,3,1,1,0,cost_relig_life
266160,3,1,1,0,cost_relig_life
266164,3,1,1,0,cost_relig_life
266166,3,1,1,0,cost_relig_life
266180,3,1,1,0,cost_relig_life
266181,3,1,1,0,cost_relig_life
266182,3,1,1,0,cost_relig_life
266185,3,1,1,0,cost_relig_life
266186,3,1,1,0,cost_relig_life
266192,3,1,1,0,cost_relig_life
266194,3,1,1,0,cost_relig_life
266196,3,1,1,0,cost_relig_life
266204,3,1,1,0,cost_relig_life
266206,3,1,1,0,cost_relig_life
266210,3,1,1,0,cost_relig_life
266218,3,1,1,0,cost_relig_life
266233,3,1,1,0,cost_relig_life
266421,3,0,0,0,none
266574,3,1,1,0,cost_relig_life
266715,3,1,1,0,cost_relig_life
266873,3,1,1,0,cost_relig_life
266900,3,1,1,0,cost_relig_life
267131,3,1,1,0,cost_relig_life
267132,3,1,1,0,cost_relig_life
267133,3,1,1,0,cost_relig_life
267191,3,0,0,0,none
267446,3,1,1,0,cost_relig_life
267462,3,1,1,0,cost_relig_life
267793,3,1,1,0,cost_relig_life
267892,3,1,1,0,cost_relig_life
269813,3,1,1,0,charity
269814,3,1,1,0,charity
270223,3,1,1,0,charity
270227,3,1,1,0,charity
270270,3,1,1,0,charity
270382,3,0,0,0,none
270854,3,1,0,0,none
273135,3,1,1,0,disputed
276859,3,1,1,1,other
277849,3,0,0,0,none
277952,3,1,0,0,none
278081,3,1,0,0,none
278569,3,1,1,1,other
278570,3,1,1,1,other
278571,3,1,1,1,other
278572,3,1,1,1,other
278573,3,1,1,1,other
278574,3,1,1,1,other
278575,3,1,1,1,other
278604,3,1,1,1,other
278617,3,1,0,1,none
278626,3,1,0,1,none
278842,3,1,0,1,none
278878,3,1,0,1,none
278903,3,1,0,1,none
278941,3,1,1,1,other
278961,3,1,0,1,none
278962,3,1,0,1,none
278963,3,1,1,1,other
278989,3,1,0,1,none
280364,3,1,0,0,none
280527,3,1,0,1,none
280804,3,1,0,0,none
281495,3,1,0,0,none
281691,3,0,0,0,none
282555,3,1,0,0,none
283308,3,1,1,0,institution
284739,3,1,0,0,none
285728,3,1,1,0,disputed
286119,3,0,0,1,none
286207,3,1,0,0,none
287357,3,1,0,0,none
288019,3,1,0,0,none
288901,3,0,0,1,none
289433,3,1,1,1,other
289434,3,1,1,1,other
290267,3,1,1,1,institution
290548,3,1,1,1,institution
291282,3,1,0,0,none
291734,3,1,0,0,none
291957,3,0,1,1,institution
294765,3,1,0,0,none
294820,3,1,0,0,none
295606,3,1,1,1,institution
295782,3,1,1,1,institution
296346,3,1,0,0,none
296458,3,0,0,0,none
296602,3,1,0,0,none
296648,3,1,1,0,charity
297030,3,0,0,1,none
297049,3,1,1,0,devotional
297147,3,1,1,0,disputed
298234,3,1,0,0,none
299126,3,1,0,1,none
299983,3,1,1,1,institution
300247,3,1,1,1,institution
302956,3,1,0,1,none
303300,3,1,0,0,none
303778,3,1,0,0,none
303911,3,1,0,0,none
303978,3,1,0,0,none
304149,3,1,0,0,none
304378,3,1,0,0,none
304408,3,1,0,0,none
304449,3,1,0,0,none
304471,3,1,0,0,none
304492,3,1,0,0,none
304509,3,1,0,0,none
304550,3,1,0,0,none
304564,3,1,0,0,none
304572,3,1,0,0,none
304600,3,1,0,0,none
304601,3,1,0,0,none
304602,3,1,0,0,none
304606,3,1,0,0,none
304609,3,1,0,0,none
304626,3,1,0,0,none
304642,3,1,0,0,none
305959,3,1,0,1,none
306629,3,1,1,1,institution
306642,3,1,1,1,institution
306663,3,1,1,1,institution
306666,3,1,1,1,institution
306670,3,1,1,1,institution
310823,3,1,0,0,none
312382,3,1,0,1,none
312750,3,1,0,0,none
314089,3,1,1,1,institution
316397,3,1,0,0,none
319672,3,1,0,0,none
323271,3,1,0,0,none
323349,3,1,0,0,none
323363,3,1,0,0,none
323370,3,1,0,0,none
323373,3,1,0,0,none
323374,3,1,0,0,none
323381,3,1,0,0,none
323388,3,1,0,0,none
323391,3,1,0,0,none
323392,3,1,0,0,none
323394,3,1,0,0,none
323465,3,1,0,0,none
325591,3,1,0,0,none
325622,3,1,0,0,none
325977,3,1,1,0,cost_relig_life
326868,3,1,0,0,none
327043,3,1,0,0,none
329162,3,1,0,0,none
329188,3,1,0,0,none
331142,3,1,0,1,none
333756,3,1,0,0,none
335651,3,1,1,0,charity
335660,3,0,0,0,none
335796,3,1,1,0,charity
335930,3,1,0,0,none
336180,3,1,1,0,charity
336452,3,1,1,1,justice
336762,3,0,0,0,none
337223,3,1,1,0,institution
338961,3,1,0,0,none
340952,3,1,1,0,devotional
341786,3,1,1,1,institution
344238,3,1,1,0,justice
345486,3,1,0,0,none
347176,3,1,0,0,none
350194,3,0,0,0,none
350852,3,1,0,1,none
350925,3,1,0,1,none
350943,3,1,0,0,none
351060,3,1,1,1,cost_relig_life
352510,3,1,1,0,devotional
352751,3,1,1,0,justice
353128,3,0,0,0,none
354900,3,1,1,0,charity
355437,3,1,0,1,none
356353,3,1,1,1,cost_relig_life
357837,3,1,0,0,none
358113,3,1,1,0,charity
359536,3,1,1,0,charity
360811,3,1,1,1,cost_relig_life
360830,3,1,0,1,none
361345,3,1,1,0,charity
361807,3,1,1,0,charity
362697,3,1,0,0,none
364367,3,1,1,0,charity
364368,3,1,1,0,charity
364377,3,1,1,0,charity
364743,3,1,1,0,charity
364744,3,1,1,0,charity
364866,3,1,1,0,charity
365714,3,0,0,1,none
366373,3,1,1,0,charity
367930,3,1,0,1,none
368464,3,1,0,0,none
368687,3,1,0,0,none
370460,3,1,1,1,justice
370741,3,1,1,1,justice
374315,3,0,0,0,none
377923,3,1,0,1,none
378034,3,1,0,1,none
379497,3,0,0,1,none
382219,3,1,1,0,institution
382335,3,1,0,0,none
384273,3,1,0,1,none
387856,3,1,0,1,none
389973,3,0,0,1,none
390830,3,1,0,0,none
390897,3,1,0,0,none
390922,3,1,0,0,none
391137,3,1,0,0,none
391516,3,1,0,0,none
391630,3,0,0,0,none
392333,3,1,0,1,none
392362,3,1,0,1,none
393236,3,0,0,0,none
393653,3,1,1,0,disputed
394114,3,0,0,1,none
394259,3,1,0,0,none
396660,3,1,1,0,justice
398273,3,1,1,0,other
402482,3,1,1,0,other
402638,3,1,0,0,none
402641,3,1,0,0,none
402658,3,1,0,0,none
402661,3,1,0,0,none
404182,3,1,0,0,none
404192,3,1,0,1,none
405236,3,1,0,0,none
405318,3,1,0,0,none
405319,3,1,0,0,none
405482,3,1,0,0,none
405580,3,1,0,0,none
405594,3,1,0,0,none
406694,3,1,0,0,none
407296,3,1,1,0,cost_relig_life
410716,3,1,0,1,none
410877,3,0,0,0,none
411227,3,0,0,0,none
411235,3,1,0,0,none
411274,3,1,0,0,none
411382,3,1,0,0,none
412045,3,1,0,0,none
413172,3,1,0,0,none
413661,3,1,0,1,none
415420,3,1,1,0,institution
417174,3,1,0,0,none
417366,3,1,0,0,none
419491,3,1,0,0,none
420596,3,1,0,0,none
421151,3,1,0,0,none
421767,3,1,0,0,none
421817,3,1,0,0,none
421846,3,1,0,0,none
421987,3,1,0,0,none
422056,3,1,0,1,none
422379,3,1,1,0,cost_relig_life
422565,3,1,1,0,charity
422655,3,1,1,0,cost_relig_life
423264,3,1,0,0,none
424283,3,1,0,1,none
424931,3,1,0,0,none
425013,3,1,0,0,none
425093,3,1,0,0,none
425908,3,1,0,0,none
427043,3,1,0,1,none
427333,3,0,0,0,none
427726,3,1,0,0,none
428630,3,1,0,0,none
429670,3,1,1,0,disputed
432085,3,1,0,0,none
432299,3,1,1,0,charity
432666,3,1,0,0,none
433418,3,1,1,0,charity
438949,3,1,1,0,cost_relig_life
439062,3,1,1,0,cost_relig_life
439782,3,1,0,0,none
441168,3,1,0,1,none
442586,3,0,0,0,none
443742,3,1,0,0,none
444120,3,1,0,0,none
455701,3,1,1,0,justice
457155,3,1,0,1,none
457157,3,1,0,1,none
457173,3,1,0,1,none
457178,3,1,0,1,none
457217,3,1,0,1,none
457219,3,1,0,1,none
457229,3,1,0,1,none
457230,3,1,0,1,none
457284,3,1,0,1,none
457569,3,1,0,1,none
459380,3,1,0,1,none
460049,3,1,0,0,none
460336,3,1,0,1,none
460645,3,1,1,0,charity
460800,3,1,1,0,charity
461067,3,1,0,0,none
461433,3,1,0,0,none
462614,3,1,0,0,none
463470,3,1,0,0,none
464397,3,0,1,0,justice
464699,3,1,0,0,none
464859,3,1,0,0,none
465141,3,1,0,0,none
466008,3,0,0,0,none
466197,3,1,0,0,none
466223,3,1,1,0,cost_relig_life
466851,3,1,1,0,charity
467063,3,1,1,0,charity
467843,3,1,0,0,none
470024,3,1,1,1,cost_relig_life
471661,3,1,0,0,none
472038,3,1,0,0,none
472046,3,1,0,0,none
472104,3,1,0,0,none
472112,3,1,0,0,none
472132,3,1,0,0,none
472512,3,1,0,1,none
472527,3,1,0,0,none
472958,3,1,0,0,none
473122,3,1,0,0,none
473147,3,1,0,0,none
475621,3,1,0,0,none
475827,3,1,0,1,none
475901,3,1,0,1,none
477505,3,1,1,0,charity
479379,3,0,0,0,none
479610,3,1,0,1,none
479775,3,1,0,1,none
479791,3,1,0,1,none
479795,3,1,0,1,none
481380,3,1,0,0,none
481777,3,1,1,0,charity
481942,3,1,0,0,none
482386,3,1,0,1,none
484219,3,1,0,0,none
487292,3,1,0,0,none
488002,3,1,0,0,none
488167,3,1,1,0,charity
488216,3,1,1,0,charity
489190,3,1,0,0,none
489777,3,1,0,0,none
490026,3,1,1,0,justice
491810,3,1,0,1,none
492957,3,1,0,1,none
495063,3,1,0,1,none
497870,3,1,1,0,charity
497937,3,1,1,0,charity
498244,3,1,1,0,charity
498484,3,1,1,0,charity
498641,3,1,0,0,none
500181,3,1,1,0,devotional
501936,3,1,1,0,institution
502036,3,1,0,0,none
502221,3,1,0,0,none
503470,3,0,0,0,none
504757,3,1,0,0,none
505081,3,1,0,1,none
505750,3,1,1,1,justice
505763,3,1,1,1,justice
505771,3,1,0,0,none
505785,3,1,1,1,justice
505786,3,1,1,1,justice
505788,3,1,1,1,justice
505818,3,1,1,1,justice
505828,3,1,1,1,justice
506604,3,1,0,0,none
506641,3,1,0,0,none
507050,3,1,1,0,cost_relig_life
507230,3,1,1,0,cost_relig_life
507441,3,1,1,0,cost_relig_life
507535,3,1,1,0,institution
507883,3,1,0,0,none
508083,3,1,1,0,institution
508179,3,1,1,0,institution
508200,3,1,1,0,institution
508219,3,0,0,0,none
508319,3,1,1,1,charity
508505,3,1,1,0,institution
508506,3,1,1,0,institution
508507,3,1,1,0,institution
508677,3,1,1,0,institution
508732,3,1,1,0,institution
508789,3,1,1,0,institution
509988,3,0,0,0,none
511630,3,1,0,1,none
513268,3,1,1,0,cost_relig_life
514784,3,1,0,0,none
515113,3,1,0,0,none
515114,3,1,0,0,none
515283,3,1,0,0,none
516971,3,1,1,0,cost_relig_life
517679,3,1,0,1,none
520380,3,1,0,0,none
520525,3,1,0,0,none
520629,3,1,0,0,none
521069,3,0,0,1,none
521288,3,0,0,0,none
523905,3,0,0,0,none
523906,3,0,0,0,none
526715,3,0,0,0,none
526907,3,0,0,0,none
527576,3,1,0,0,none
528017,3,1,0,0,none
528071,3,1,0,0,none
528258,3,0,0,0,none
530595,3,1,0,1,none
531147,3,1,1,0,charity
531311,3,0,0,0,none
531321,3,0,0,0,none
531322,3,0,0,0,none
531423,3,0,0,0,none
531455,3,0,0,0,none
531489,3,0,0,0,none
531507,3,0,0,0,none
533744,3,0,0,0,none
534331,3,1,0,1,none
535606,3,1,0,0,none
536417,3,1,0,1,none
536544,3,1,0,1,none
536627,3,1,0,1,none
537918,3,1,0,0,none
538034,3,1,0,0,none
538915,3,1,0,0,none
539023,3,1,0,0,none
539107,3,1,0,0,none
539262,3,1,0,0,none
543415,3,1,0,1,none
543539,3,1,0,1,none
543871,3,1,0,0,none
544259,3,1,0,0,none
544431,3,0,0,0,none
544482,3,1,0,1,none
544948,3,0,0,0,none
545184,3,0,0,0,none
546136,3,1,0,0,none
546979,3,1,0,0,none
548041,3,1,1,0,charity
550292,3,1,1,0,institution
550302,3,1,0,1,none
550923,3,1,0,0,none
550958,3,1,0,0,none
553073,3,1,0,1,none
553813,3,1,0,1,none
554188,3,0,0,1,none
554449,3,0,0,0,none
555092,3,1,0,0,none
556681,3,0,0,0,none
558408,3,1,1,0,cost_relig_life
558488,3,0,0,0,none
558732,3,1,0,0,none
559382,3,1,1,0,institution
560735,3,1,1,1,institution
562554,3,0,1,0,devotional
568857,3,1,1,1,cost_relig_life
569636,3,1,0,0,none
569648,3,1,0,0,none
571023,3,1,0,1,none
571236,3,1,0,0,none
572970,3,1,1,1,cost_relig_life
572988,3,0,0,0,none
574467,3,0,0,0,none
575912,3,1,0,0,none
576179,3,1,0,1,none
576240,3,1,0,0,none
576829,3,1,1,0,institution
576911,3,1,1,0,institution
577000,3,1,1,0,institution
577206,3,1,1,0,institution
577407,3,0,0,0,none
577845,3,1,1,0,cost_relig_life
578043,3,1,1,0,justice
579211,3,1,0,1,none
582362,3,1,1,1,charity
585828,3,0,0,1,none
586529,3,0,0,1,none
587428,3,1,0,1,none
589979,3,1,0,1,none
590000,3,1,0,1,none
590008,3,1,0,1,none
590514,3,1,0,0,none
590777,3,1,0,0,none
590964,3,1,0,0,none
591521,3,1,0,1,none
593986,3,1,0,1,none
599712,3,1,0,0,none
600392,3,1,0,1,none
601402,3,1,0,0,none
602340,3,1,0,0,none
602757,3,1,1,1,cost_relig_life
602822,3,1,1,1,charity
602876,3,1,1,1,charity
602887,3,1,1,1,charity
603126,3,1,0,1,none
603394,3,1,0,0,none
604309,3,1,0,0,none
604786,3,1,1,1,cost_relig_life
607057,3,1,0,0,none
608090,3,1,0,1,none
612327,3,1,1,0,cost_relig_life
612368,3,1,1,0,cost_relig_life
612433,3,1,1,0,cost_relig_life
613037,3,1,1,0,cost_relig_life
613041,3,1,1,0,cost_relig_life
613143,3,1,1,0,cost_relig_life
613888,3,1,0,1,none
614268,3,1,1,0,institution
614465,3,1,0,0,none
614932,3,1,0,0,none
616547,3,1,0,0,none
616680,3,1,0,0,none
616790,3,1,0,0,none
617104,3,1,0,0,none
617855,3,1,0,0,none
619155,3,1,0,0,none
619566,3,1,1,0,charity
620330,3,1,1,0,cost_relig_life
620332,3,1,1,0,cost_relig_life
620346,3,1,1,0,cost_relig_life
620595,3,1,0,0,none
620618,3,1,0,0,none
620622,3,1,0,0,none
620651,3,1,0,0,none
621957,3,1,0,0,none
622031,3,1,0,0,none
622118,3,1,0,0,none
622751,3,1,1,0,cost_relig_life
623036,3,1,0,0,none
623371,3,0,0,0,none
623372,3,1,0,0,none
624055,3,1,0,0,none
624326,3,1,0,0,none
625706,3,1,0,0,none
625708,3,1,0,0,none
625801,3,1,1,1,justice
625982,3,1,0,0,none
626057,3,1,0,0,none
626399,3,1,0,0,none
628484,3,1,1,0,disputed
628521,3,1,1,0,disputed
628899,3,1,0,0,none
629011,3,1,0,0,none
629024,3,1,0,0,none
629741,3,1,0,0,none
631019,3,1,1,0,cost_relig_life
632041,3,0,0,1,none
632742,3,1,1,0,institution
632768,3,1,0,1,none
632996,3,1,0,0,none
633006,3,1,0,0,none
633078,3,1,0,0,none
634779,3,0,0,0,none
635358,3,1,0,0,none
635492,3,1,0,0,none
635936,3,1,1,0,cost_relig_life
636174,3,1,1,0,cost_relig_life
636201,3,1,1,0,cost_relig_life
636207,3,1,1,0,cost_relig_life
636209,3,1,1,0,cost_relig_life
636242,3,1,1,0,cost_relig_life
636691,3,1,0,1,none
637585,3,1,0,1,none
637636,3,1,0,0,none
638255,3,1,0,0,none
638782,3,1,0,0,none
638783,3,1,0,0,none
640077,3,1,0,0,none
640081,3,1,0,0,none
640087,3,1,0,0,none
640089,3,1,0,0,none
640096,3,1,0,0,none
640098,3,1,0,0,none
640099,3,1,0,0,none
640104,3,1,0,0,none
640112,3,1,0,0,none
640113,3,1,0,0,none
640117,3,1,0,0,none
640125,3,1,0,0,none
640133,3,1,0,0,none
640235,3,1,0,1,none
641099,3,1,0,0,none
642510,3,1,0,0,none
642643,3,1,0,0,none
642646,3,1,0,0,none
643174,3,1,0,1,none
644176,3,1,0,0,none
644230,3,1,0,0,none
644246,3,1,0,0,none
644941,3,0,0,0,none
645752,3,1,0,0,none
646961,3,1,0,1,none
647258,3,1,0,1,none
647839,3,1,0,1,none
647863,3,1,0,0,none
648956,3,1,0,1,none
650144,3,1,1,0,charity
651408,3,1,0,0,none
651452,3,1,0,0,none
651480,3,1,0,0,none
651519,3,1,0,0,none
651613,3,1,0,0,none
651633,3,1,0,0,none
653365,3,1,0,0,none
653619,3,1,0,0,none
654897,3,1,0,0,none
654908,3,1,0,0,none
655982,3,0,0,0,none
656112,2,1,0,0,none
656677,3,1,0,0,none
657474,3,1,0,0,none
657630,3,1,1,0,institution
658229,3,1,1,0,devotional
658303,3,1,1,0,devotional
659258,3,1,0,0,none
659552,3,1,0,0,none
659790,3,1,1,0,devotional
660301,3,1,0,0,none
660359,3,1,0,0,none
660416,3,1,0,1,none
660579,3,1,0,0,none
660857,3,1,0,0,none
661165,3,1,0,0,none
661736,3,1,0,1,none
662117,3,1,0,0,none
662708,3,1,0,0,none
662863,3,0,0,1,none
663472,3,1,0,1,none
663473,3,1,0,1,none
663554,3,1,0,1,none
663712,3,1,0,0,none
664224,3,0,0,1,none
664822,3,1,0,0,none
664854,3,0,0,1,none
664882,3,1,1,0,cost_relig_life
665833,3,1,0,0,none
665858,3,1,0,1,none
665930,3,1,0,0,none
666632,3,1,1,0,cost_relig_life
666642,3,1,1,0,cost_relig_life
666764,3,1,1,0,cost_relig_life
666830,3,0,1,0,disputed
667099,3,1,0,0,none
667101,3,1,0,0,none
667305,3,1,0,0,none
667359,3,1,0,0,none
667367,3,1,0,0,none
667482,3,1,0,0,none
667487,3,1,0,0,none
667490,3,1,0,0,none
667718,3,1,1,0,cost_relig_life
668667,3,1,1,0,cost_relig_life
668910,3,1,0,0,none
670548,3,1,0,1,none
670944,3,0,0,0,none
672363,3,1,0,0,none
673972,3,1,0,0,none
674006,3,1,0,0,none
674089,3,1,0,1,none
674307,3,1,0,0,none
674464,3,1,0,0,none
674471,3,1,0,0,none
675296,3,1,0,0,none
675329,3,1,0,0,none
676690,3,1,0,1,none
677479,3,1,1,0,cost_relig_life
677644,3,1,0,0,none
677812,3,1,0,0,none
677948,3,1,0,0,none
678008,3,1,0,0,none
679840,3,0,1,0,other
680279,3,1,0,1,none
680342,3,1,0,1,none
681068,3,1,1,0,cost_relig_life
681216,3,1,1,0,cost_relig_life
681291,3,1,1,0,charity
681398,3,1,1,0,charity
681555,3,1,0,1,none
681835,3,1,0,0,none
682690,3,1,0,0,none
683137,3,1,1,0,justice
683471,3,1,1,0,cost_relig_life
683544,3,1,0,0,none
684909,3,1,0,0,none
684910,3,1,0,0,none
685740,3,1,0,0,none
686097,3,1,0,0,none
686393,3,1,0,1,none
686399,3,1,0,0,none
686623,3,1,0,0,none
686635,3,1,0,0,none
686812,3,1,0,0,none
686862,3,1,0,0,none
687162,3,1,0,0,none
687202,3,1,0,0,none
687293,3,1,0,0,none
687296,3,1,0,0,none
687298,3,1,0,0,none
687301,3,1,0,0,none
687306,3,1,0,0,none
687308,3,1,0,0,none
687309,3,1,0,0,none
687310,3,1,0,0,none
687367,3,1,0,0,none
687715,3,1,1,1,institution
687855,3,1,1,1,institution
688531,3,1,1,1,institution
688717,3,0,0,0,none
689091,3,1,0,0,none
689096,3,1,0,0,none
689744,3,1,0,0,none
689799,3,1,0,0,none
690294,3,1,0,0,none
690304,3,1,0,0,none
690331,3,1,0,0,none
690344,3,1,0,0,none
690352,3,1,0,0,none
690364,3,1,0,0,none
690372,3,1,0,0,none
690374,3,1,0,0,none
691342,3,1,0,0,none
691345,3,1,0,0,none
691480,3,1,0,0,none
691534,3,1,0,0,none
691893,3,1,0,0,none
691954,3,1,0,0,none
692688,3,1,0,0,none
692898,3,1,0,0,none
693340,3,1,0,0,none
693663,3,1,0,0,none
694303,3,1,0,1,none
694336,3,1,0,1,none
695424,3,1,1,1,institution
695863,3,1,1,1,institution
695864,3,1,1,1,institution
695902,3,1,1,1,institution
695907,3,1,1,1,institution
696770,3,1,1,1,institution
697166,3,1,0,0,none
697281,3,1,0,0,none
697718,3,1,0,0,none
698780,3,1,0,0,none
698788,3,1,1,1,institution
698853,3,1,1,1,institution
698884,3,1,1,1,institution
698893,3,1,1,1,institution
698895,3,1,1,1,institution
698916,3,1,1,1,institution
699132,3,1,0,0,none
699331,3,1,0,0,none
699667,3,1,0,1,none
699668,3,1,0,1,none
699739,3,1,0,0,none
699813,3,1,0,1,none
703458,3,1,0,0,none
703752,3,1,0,0,none
703903,3,1,1,0,cost_relig_life
703909,3,1,1,0,cost_relig_life
703927,3,1,0,0,none
704032,3,1,1,0,cost_relig_life
704144,3,1,1,0,cost_relig_life
704153,3,1,1,0,cost_relig_life
704191,3,1,1,0,cost_relig_life
704198,3,1,1,0,cost_relig_life
704199,3,1,1,0,cost_relig_life
704203,3,1,1,0,cost_relig_life
704207,3,1,1,0,cost_relig_life
704242,3,1,1,0,cost_relig_life
704259,3,1,1,0,cost_relig_life
704335,3,1,1,0,cost_relig_life
705975,3,1,0,1,none
706904,3,1,0,1,none
707092,3,1,0,0,none
708003,3,1,0,0,none
708881,3,0,0,0,none
