rid,DATE,FROM,otype,c_infl,c_link,c_foreign,c_register,domestic,n_ann
1258,2021-03-02,sbperiskop.net,Secular/other,1,0,0,none,0,3
8382,2021-06-04,vecernji.hr,Secular/other,1,0,1,none,0,3
11689,2021-05-05,laudato.hr,Catholic,1,1,0,justice,1,3
11740,2021-05-05,hkm.hr,Catholic,1,1,0,justice,1,3
13350,2021-12-04,hkm.hr,Catholic,1,1,0,institution,1,3
13372,2021-12-04,djos.hr,Secular/other,1,1,0,institution,1,3
18441,2021-08-06,agroklub.com,Secular/other,1,0,0,none,0,3
21256,2021-06-08,regionalni.com,Secular/other,1,0,0,none,0,3
26128,2021-02-10,vecernji.hr,Secular/other,1,0,0,none,0,3
27234,2021-06-10,index.hr,Secular/other,0,0,0,none,0,3
27394,2021-06-09,jutarnji.hr,Secular/other,0,0,0,none,0,3
28202,2021-09-09,hkv.hr,Secular/other,1,0,0,none,0,3
28611,2021-10-10,index.hr,Secular/other,0,0,0,none,0,3
28805,2021-10-09,postpress.com.hr,Secular/other,1,0,0,none,0,3
29411,2021-04-11,Metro-portal.hr,Secular/other,1,0,0,none,0,3
30132,2021-08-11,forum.hr,Secular/other,1,0,0,none,0,3
32800,2021-03-12,hkm.hr,Catholic,1,1,1,justice,0,3
33659,2021-06-11,072info.com,Secular/other,0,0,0,none,0,3
34156,2021-10-12,vecernji.hr,Secular/other,1,0,0,none,0,3
36451,2021-11-12,krizevci.info,Secular/other,1,0,0,none,0,3
44155,2021-02-15,dnevno.hr,Secular/other,1,1,1,justice,0,3
46120,2021-10-16,prigorski.hr,Secular/other,1,1,0,institution,1,3
46864,2021-04-17,slobodnadalmacija.hr,Secular/other,0,0,1,none,0,3
48572,2021-11-16,vecernji.hr,Secular/other,1,0,0,none,0,3
49177,2021-01-18,vecernji.hr,Secular/other,0,0,0,none,0,3
49897,2021-02-17,nacional.hr,Secular/other,0,0,0,none,0,3
51661,2021-09-17,sabh.hr,Secular/other,0,0,0,none,0,3
52567,2021-01-18,vecernji.hr,Secular/other,0,0,0,none,0,3
54046,2021-11-19,novilist.hr,Secular/other,1,1,0,institution,1,3
54919,2021-12-18,hrv.hr,Secular/other,1,0,0,none,0,3
54993,2021-12-18,hrv.hr,Secular/other,1,0,0,none,0,3
54997,2021-12-18,hrv.hr,Secular/other,1,0,0,none,0,3
61147,2021-02-22,kamenjar.com,Secular/other,1,0,0,none,0,3
63015,2021-10-22,braniteljski-portal.com,Secular/other,1,1,0,institution,1,3
63155,2021-10-21,hkm.hr,Catholic,1,1,0,institution,1,3
63197,2021-10-21,hkm.hr,Catholic,1,1,0,institution,1,3
66943,2021-03-24,vecernji.hr,Secular/other,1,0,0,none,0,3
69219,2021-01-25,hkm.hr,Catholic,1,1,1,charity,0,3
72814,2021-01-25,hkm.hr,Catholic,1,1,1,charity,0,3
73775,2021-03-25,grabancijas.com,Secular/other,1,1,0,institution,1,3
74033,2021-06-25,dalmatinskiportal.hr,Secular/other,0,0,0,none,0,3
74047,2021-06-25,index.hr,Secular/other,0,0,0,none,0,3
76476,2021-05-27,booksa.hr,Secular/other,0,0,0,none,0,3
78803,2021-02-28,index.hr,Secular/other,1,0,0,none,0,3
80751,2021-09-27,hkm.hr,Catholic,0,0,0,none,0,3
83495,2021-12-28,vecernji.hr,Secular/other,1,1,0,other,1,3
86429,2021-01-31,index.hr,Secular/other,1,0,0,none,0,3
90014,2021-11-01,novizivot.net,Catholic,1,1,0,devotional,1,3
90627,2022-01-01,hkm.hr,Catholic,1,1,0,other,1,3
91119,2022-04-01,klubskascena.hr,Secular/other,1,0,0,none,0,3
91428,2022-05-02,vecernji.hr,Secular/other,1,1,0,institution,1,3
91557,2022-05-02,hercegbosna.org,Secular/other,1,1,1,charity,0,3
92819,2022-11-01,dnevnik.hr,Secular/other,1,0,0,none,0,3
93088,2022-12-01,hkm.hr,Catholic,1,1,1,institution,0,3
93309,2022-02-03,hkm.hr,Catholic,1,1,0,institution,1,3
93979,2022-03-03,hrv.hr,Secular/other,1,1,0,institution,1,3
94032,2022-03-03,portalnovosti.com,Secular/other,1,0,0,none,0,3
95727,2022-09-02,pozeski.hr,Secular/other,1,0,0,none,0,3
95746,2022-09-02,pozeska-kronika.hr,Secular/other,1,0,0,none,0,3
99005,2022-12-03,glasistre.hr,Secular/other,0,0,0,none,0,3
99304,2022-02-04,prigorski.hr,Secular/other,1,1,0,institution,1,3
99388,2022-02-04,zg-nadbiskupija.hr,Catholic,1,1,0,institution,1,3
99921,2022-06-05,hkm.hr,Catholic,1,1,0,institution,1,3
99940,2022-06-05,hkm.hr,Catholic,1,1,0,institution,1,3
100023,2022-06-05,hkm.hr,Catholic,1,1,0,institution,1,3
103331,2022-08-06,7dnevno.hr,Secular/other,1,0,0,none,0,3
103332,2022-08-06,dnevno.hr,Secular/other,1,0,0,none,0,3
103333,2022-08-06,infokiosk.net,Secular/other,1,0,0,none,0,3
104489,2022-12-05,herceg-bosna.com,Secular/other,1,0,0,none,0,3
105512,2022-03-07,portalnovosti.com,Secular/other,1,0,0,none,0,3
105514,2022-03-07,portalnovosti.com,Secular/other,1,0,0,none,0,3
105634,2022-03-06,glaspodravine.hr,Secular/other,1,1,0,institution,1,3
107096,2022-10-07,hkm.hr,Catholic,1,1,0,institution,1,3
108157,2022-04-08,epodravina.hr,Secular/other,1,0,0,none,0,3
108538,2022-04-07,stv.hr,Secular/other,1,1,0,institution,1,3
108539,2022-04-07,stv.hr,Secular/other,1,0,0,none,0,3
108628,2022-05-08,epodravina.hr,Secular/other,1,0,0,none,0,3
109314,2022-08-07,direktno.hr,Secular/other,1,1,1,institution,0,3
109315,2022-08-07,nacional.hr,Secular/other,1,1,1,institution,0,3
109316,2022-08-07,prigorski.hr,Secular/other,1,1,1,institution,0,3
109319,2022-08-07,glas-slavonije.hr,Secular/other,1,1,1,institution,0,3
109321,2022-08-07,istra24.hr,Secular/other,1,1,1,institution,0,3
109325,2022-08-07,glas.hr,Secular/other,1,1,1,institution,0,3
109328,2022-08-07,tportal.hr,Secular/other,1,1,1,institution,0,3
109333,2022-08-07,glasistre.hr,Secular/other,1,1,1,institution,0,3
109339,2022-08-07,jutarnji.hr,Secular/other,1,1,1,institution,0,3
109726,2022-11-07,hkv.hr,Secular/other,1,0,1,none,0,3
109935,2022-11-07,slobodnadalmacija.hr,Secular/other,1,1,1,institution,0,3
110519,2022-02-09,jutarnji.hr,Secular/other,1,1,0,charity,1,3
110542,2022-02-09,hkm.hr,Catholic,1,1,0,devotional,1,3
110685,2022-02-09,index.hr,Secular/other,0,0,1,none,0,3
111541,2022-06-09,hkm.hr,Catholic,1,1,0,institution,1,3
114146,2022-04-09,banjalukain.com,Secular/other,0,0,0,none,0,3
114381,2022-05-10,grabancijas.com,Secular/other,1,1,0,institution,1,3
114526,2022-05-10,tportal.hr,Secular/other,1,1,0,institution,1,3
115291,2022-08-09,pakrackilist.hr,Secular/other,1,0,0,none,0,3
115919,2022-12-10,nacionalno.hr,Secular/other,1,1,0,charity,1,3
115940,2022-12-10,prigorski.hr,Secular/other,1,1,0,charity,1,3
115942,2022-12-10,siscia.hr,Secular/other,1,1,0,charity,1,3
115951,2022-12-10,hkm.hr,Catholic,1,1,0,charity,1,3
115952,2022-12-10,laudato.hr,Catholic,1,1,0,charity,1,3
115953,2022-12-10,glasistre.hr,Secular/other,1,1,0,charity,1,3
115961,2022-12-10,portal53.hr,Secular/other,1,1,0,charity,1,3
115977,2022-12-10,hkm.hr,Catholic,1,1,0,charity,1,3
116803,2022-02-10,promise.hr,Secular/other,1,1,0,charity,1,3
117070,2022-03-11,slobodnadalmacija.hr,Secular/other,0,0,0,none,0,3
117151,2022-03-11,hrt.hr,Secular/other,1,1,0,charity,1,3
117771,2022-06-10,zg-nadbiskupija.hr,Catholic,1,1,0,institution,1,3
118014,2022-07-11,zagorje-international.hr,Secular/other,1,0,0,none,0,3
118157,2022-07-10,zagorje-international.hr,Secular/other,1,0,0,none,0,3
118966,2022-10-10,croatia,Secular/other,1,1,0,other,1,3
119019,2022-10-10,slobodnadalmacija.hr,Secular/other,1,1,0,other,1,3
119507,2022-01-11,zeneinovac.com,Secular/other,1,0,0,none,0,3
119622,2022-04-12,hrv.hr,Secular/other,1,0,0,none,0,3
119646,2022-04-12,mirovina.hr,Secular/other,1,1,0,devotional,1,3
119743,2022-04-12,direktno.hr,Secular/other,1,1,0,devotional,1,3
119767,2022-04-12,mediaservis.hr,Secular/other,1,1,0,devotional,1,3
119819,2022-04-12,mojevrijeme.hr,Secular/other,1,1,0,devotional,1,3
119843,2022-04-12,trecadobhrvatska.com,Secular/other,1,1,0,devotional,1,3
119901,2022-04-11,suh.hr,Secular/other,1,1,0,devotional,1,3
119902,2022-04-11,suh.hr,Secular/other,1,1,0,devotional,1,3
119903,2022-04-11,suh.hr,Secular/other,1,1,0,devotional,1,3
119922,2022-04-11,brodportal.hr,Secular/other,1,1,0,institution,1,3
119933,2022-04-11,narod.hr,Secular/other,1,1,0,institution,1,3
119934,2022-04-11,suh.hr,Secular/other,1,1,0,devotional,1,3
119957,2022-04-11,hkm.hr,Catholic,1,1,0,institution,1,3
119963,2022-04-11,stv.hr,Secular/other,1,1,0,justice,1,3
119975,2022-04-11,djos.hr,Secular/other,1,1,0,institution,1,3
119997,2022-04-11,osijek-danas.com,Secular/other,1,1,0,institution,1,3
120003,2022-04-11,radio-djakovo.hr,Secular/other,1,1,0,institution,1,3
120026,2022-04-11,novi-radio.hr,Secular/other,1,1,0,institution,1,3
120482,2022-05-11,hkv.hr,Secular/other,1,0,1,none,0,3
120654,2022-05-11,epodravina.hr,Secular/other,1,0,0,none,0,3
121303,2022-11-11,objektivno.hr,Secular/other,1,0,1,none,0,3
121530,2022-12-12,suh.hr,Secular/other,1,1,0,charity,1,3
121561,2022-12-12,varazdinske-vijesti.hr,Secular/other,1,1,0,charity,1,3
121719,2022-12-12,in-portal.hr,Secular/other,1,1,0,charity,1,3
121740,2022-12-12,sisak.info,Secular/other,1,1,0,charity,1,3
121781,2022-12-11,quirinusportal.com,Secular/other,1,1,0,charity,1,3
121853,2022-12-11,sisakportal.hr,Secular/other,1,1,0,charity,1,3
121896,2022-12-11,044portal.hr,Secular/other,1,1,0,charity,1,3
122889,2022-06-13,vjeraidjela.com,Catholic,0,1,0,other,0,3
123269,2022-06-12,kamenjar.com,Secular/other,1,1,1,institution,0,3
123603,2022-07-13,lika-online.com,Secular/other,1,1,0,institution,1,3
124272,2022-09-12,forum.hr,Secular/other,0,0,0,none,0,3
124465,2022-10-13,dw.com,Secular/other,1,1,1,justice,0,3
125162,2022-01-13,superportal.hr,Secular/other,1,0,0,none,0,3
125229,2022-04-14,hkm.hr,Catholic,1,1,0,institution,1,3
125232,2022-04-14,hrvatska-danas.com,Secular/other,1,1,0,institution,1,3
125311,2022-04-14,direktno.hr,Secular/other,1,1,0,institution,1,3
125313,2022-04-14,hkm.hr,Catholic,1,1,0,institution,1,3
125323,2022-04-14,zg-nadbiskupija.hr,Catholic,1,1,0,institution,1,3
125481,2022-04-14,pozeski.hr,Secular/other,1,1,0,institution,1,3
125515,2022-04-14,034portal.hr,Secular/other,1,1,0,institution,1,3
125621,2022-04-13,hkm.hr,Catholic,1,1,0,institution,1,3
126159,2022-08-14,istra24.hr,Secular/other,1,0,0,none,0,3
126306,2022-08-13,dnevnik.hr,Secular/other,1,0,1,none,0,3
126396,2022-11-14,hkm.hr,Catholic,1,1,0,disputed,1,3
126528,2022-11-14,poslovni.hr,Business,1,1,0,charity,1,3
126577,2022-11-13,dalmatinskiportal.hr,Secular/other,1,1,0,charity,1,3
126601,2022-11-13,nacional.hr,Secular/other,1,1,0,charity,1,3
126944,2022-12-14,novosti.hr,Secular/other,1,0,0,none,0,3
127207,2022-02-15,hkm.hr,Catholic,0,0,0,none,0,3
127308,2022-02-15,teleskop.hr,Secular/other,1,1,0,institution,1,3
127422,2022-02-14,zgexpress.net,Secular/other,1,1,0,institution,1,3
127446,2022-02-14,maxportal.hr,Secular/other,1,1,0,institution,1,3
127448,2022-02-14,7dnevno.hr,Secular/other,1,1,0,institution,1,3
127452,2022-02-14,zagreb.hr,Secular/other,1,1,0,institution,1,3
127462,2022-02-14,24sata.hr,Secular/other,1,1,0,institution,1,2
127469,2022-02-14,otvoreno.hr,Secular/other,1,1,0,institution,1,3
127479,2022-02-14,kamenjar.com,Secular/other,1,1,0,institution,1,3
127480,2022-02-14,zg-magazin.com.hr,Secular/other,1,1,0,institution,1,3
127487,2022-02-14,narod.hr,Secular/other,1,1,0,institution,1,3
127489,2022-02-14,zagreb.info,Secular/other,1,1,0,institution,1,3
127493,2022-02-14,hrt.hr,Secular/other,1,1,0,institution,1,3
127502,2022-02-14,laudato.hr,Catholic,1,1,0,institution,1,3
127504,2022-02-14,politikaplus.com,Secular/other,1,1,0,institution,1,3
127507,2022-02-14,index.hr,Secular/other,1,1,0,institution,1,3
127509,2022-02-14,direktno.hr,Secular/other,1,1,0,institution,1,3
127512,2022-02-14,tportal.hr,Secular/other,1,1,0,institution,1,3
127514,2022-02-14,01portal.hr,Secular/other,1,1,0,institution,1,3
127515,2022-02-14,vecernji.hr,Secular/other,1,1,0,institution,1,3
127517,2022-02-14,jutarnji.hr,Secular/other,1,1,0,institution,1,3
127519,2022-02-14,hkm.hr,Catholic,1,1,0,institution,1,3
127521,2022-02-14,jutarnji.hr,Secular/other,1,1,0,institution,1,3
127528,2022-02-14,glasistre.hr,Secular/other,1,1,0,institution,1,3
127978,2022-03-14,slobodnadalmacija.hr,Secular/other,1,0,0,none,0,3
128703,2022-07-15,medjimurski.hr,Secular/other,0,0,0,none,0,3
128938,2022-07-14,jatrgovac.com,Secular/other,1,0,0,none,0,3
130384,2022-01-15,redovnistvo.hr,Secular/other,1,1,0,charity,1,3
130671,2022-04-16,zagreb.info,Secular/other,1,1,0,charity,1,3
130672,2022-04-16,novine.hr,Secular/other,1,1,0,charity,1,3
131112,2022-04-16,radiodalmacija.hr,Secular/other,1,0,0,none,0,3
131283,2022-04-15,Moj HRT,Secular/other,1,0,0,none,0,3
131351,2022-04-15,hrt.hr,Secular/other,1,0,0,none,0,3
131479,2022-04-15,zg-magazin.com.hr,Secular/other,1,0,0,none,0,3
132058,2022-05-15,novilist.hr,Secular/other,1,0,0,none,0,3
132073,2022-05-15,podravski.hr,Secular/other,1,0,0,none,0,3
132434,2022-08-15,tportal.hr,Secular/other,1,0,1,none,0,3
132469,2022-08-15,01portal.hr,Secular/other,1,0,0,none,0,3
132541,2022-08-15,hrt.hr,Secular/other,1,0,1,none,0,3
132567,2022-08-15,24sata.hr,Secular/other,1,0,0,none,0,3
132591,2022-08-15,zadarskilist.hr,Secular/other,1,0,0,none,0,3
132593,2022-08-15,nacional.hr,Secular/other,1,0,0,none,0,3
132605,2022-08-15,prigorski.hr,Secular/other,1,0,0,none,0,3
132612,2022-08-15,novilist.hr,Secular/other,1,0,0,none,0,3
132620,2022-08-15,kamenjar.com,Secular/other,1,0,0,none,0,3
132628,2022-08-15,telegram.hr,Secular/other,1,0,0,none,0,3
132629,2022-08-15,24sata.hr,Secular/other,1,0,0,none,0,3
132637,2022-08-15,vecernji.hr,Secular/other,1,0,0,none,0,3
132642,2022-08-15,n1info.com,Secular/other,1,0,0,none,0,3
132644,2022-08-15,zagreb.info,Secular/other,1,0,0,none,0,3
132647,2022-08-15,tportal.hr,Secular/other,1,0,0,none,0,3
132651,2022-08-15,politikaplus.com,Secular/other,1,0,0,none,0,3
132653,2022-08-15,hrt.hr,Secular/other,1,0,0,none,0,3
132658,2022-08-15,index.hr,Secular/other,1,0,0,none,0,3
132661,2022-08-15,glasistre.hr,Secular/other,1,0,0,none,0,3
132684,2022-08-15,jutarnji.hr,Secular/other,1,0,0,none,0,3
132685,2022-08-15,hrvatska-danas.com,Secular/other,1,0,0,none,0,3
132723,2022-08-15,7dnevno.hr,Secular/other,1,0,0,none,0,3
132805,2022-08-15,kaj.hr,Secular/other,1,0,0,none,0,3
133906,2022-02-17,zadarskilist.hr,Secular/other,1,0,0,none,0,3
133944,2022-02-17,croatia,Secular/other,1,1,0,institution,1,3
133949,2022-02-17,istarski.hr,Secular/other,0,0,0,none,0,3
135410,2022-07-16,sibenskiportal.hr,Secular/other,1,1,0,devotional,1,3
135411,2022-07-16,sibenik.in,Secular/other,1,0,0,none,0,3
135437,2022-07-16,hkm.hr,Catholic,1,0,0,none,0,3
136200,2022-10-17,sabh.hr,Secular/other,1,0,1,none,0,3
136262,2022-10-17,sbperiskop.net,Secular/other,1,0,1,none,0,3
136263,2022-10-17,sbperiskop.net,Secular/other,1,0,1,none,0,3
136390,2022-10-16,dnevnik.hr,Secular/other,1,0,0,none,0,3
136465,2022-10-16,herceg-bosna.com,Secular/other,1,0,1,none,0,3
136626,2022-01-18,superportal.hr,Secular/other,1,0,0,none,0,3
136829,2022-01-17,hkm.hr,Catholic,1,1,0,charity,1,3
136980,2022-01-17,vecernji.hr,Secular/other,1,0,0,none,0,3
137059,2022-04-18,dalmacijadanas.hr,Secular/other,1,0,0,none,0,3
137200,2022-04-18,pozeski.hr,Secular/other,1,1,0,institution,1,3
137210,2022-04-18,034portal.hr,Secular/other,1,1,0,institution,1,3
137283,2022-04-18,pozega.eu,Secular/other,1,1,0,institution,1,3
137297,2022-04-17,hkm.hr,Catholic,1,1,0,institution,1,3
137322,2022-04-17,dalmacijadanas.hr,Secular/other,1,1,0,institution,1,3
137345,2022-04-17,dnevnik.hr,Secular/other,1,1,0,institution,1,3
137822,2022-04-17,icv.hr,Secular/other,1,0,0,none,0,3
137960,2022-05-18,poslovni.hr,Business,1,0,0,none,0,3
138458,2022-05-17,bilten.org,Secular/other,0,0,0,none,0,3
139126,2022-11-17,tjedno.hr,Secular/other,1,0,0,none,0,3
139547,2022-12-17,sbperiskop.net,Secular/other,0,0,0,none,0,3
139550,2022-12-17,sbperiskop.net,Secular/other,0,0,0,none,0,3
140063,2022-03-19,hkm.hr,Catholic,0,0,0,none,0,3
140157,2022-03-18,braniteljski-portal.com,Secular/other,1,1,0,charity,1,3
140231,2022-03-18,hkm.hr,Catholic,1,1,0,charity,1,3
140428,2022-06-19,glasgrada.hr,Secular/other,1,0,0,none,0,3
142569,2022-01-19,poslovni.hr,Business,1,0,0,none,0,3
143034,2022-04-19,pozeska-kronika.hr,Secular/other,1,1,0,institution,1,3
143108,2022-04-19,pozega.hr,Secular/other,1,1,0,institution,1,3
143715,2022-08-20,hkm.hr,Catholic,1,1,1,cost_relig_life,0,3
144784,2022-12-19,czn.hr,Secular/other,1,1,0,charity,1,3
145266,2022-02-20,gorskenovosti.net,Secular/other,1,0,0,none,0,3
146785,2022-10-21,jutarnji.hr,Secular/other,1,1,0,institution,1,3
146840,2022-10-21,hkm.hr,Catholic,1,1,0,cost_relig_life,1,3
147010,2022-10-20,mirovina.hr,Secular/other,1,0,0,none,0,3
148257,2022-04-21,news-bar.hr,Secular/other,0,0,0,none,0,3
148482,2022-05-22,prigorski.hr,Secular/other,1,0,0,none,0,3
148553,2022-05-21,sibenik.in,Secular/other,1,0,0,none,0,3
148591,2022-05-21,priznajem.hr,Secular/other,1,0,0,none,0,3
148605,2022-05-21,n1info.com,Secular/other,1,0,0,none,0,3
148754,2022-08-22,hkm.hr,Catholic,1,1,0,other,1,3
149862,2022-12-22,hkm.hr,Catholic,1,1,1,justice,0,3
149991,2022-12-21,radnickaprava.org,Secular/other,1,0,0,none,0,3
150074,2022-12-21,hkm.hr,Catholic,1,1,0,charity,1,3
150420,2022-02-22,zagreb.info,Secular/other,1,0,0,none,0,3
150421,2022-02-22,novine.hr,Secular/other,1,0,0,none,0,3
150592,2022-03-23,hkm.hr,Catholic,1,1,0,cost_relig_life,1,3
151666,2022-07-22,tportal.hr,Secular/other,1,1,1,cost_relig_life,0,3
151880,2022-10-23,infokiosk.net,Secular/other,1,1,0,institution,1,3
151886,2022-10-23,zagorje-international.hr,Secular/other,1,1,0,institution,1,3
151912,2022-10-23,slobodnadalmacija.hr,Secular/other,1,1,0,institution,1,3
151950,2022-10-23,dnevno.hr,Secular/other,1,1,0,institution,1,3
151953,2022-10-23,antenazadar.hr,Secular/other,1,1,0,institution,1,3
151960,2022-10-23,dalmatinskiportal.hr,Secular/other,1,1,0,institution,1,3
151968,2022-10-23,danica.hr,Secular/other,1,1,0,institution,1,3
151971,2022-10-23,muralist.hr,Secular/other,1,1,0,institution,1,3
151986,2022-10-23,sibenik.in,Secular/other,1,1,0,institution,1,3
151989,2022-10-23,net.hr,Secular/other,1,1,0,institution,1,3
152003,2022-10-23,medjimurski.hr,Secular/other,1,1,0,institution,1,3
152004,2022-10-23,zagorje.com,Secular/other,1,1,0,institution,1,3
152008,2022-10-23,zagreb.info,Secular/other,1,1,0,institution,1,3
152032,2022-10-23,dalmacijadanas.hr,Secular/other,1,1,0,institution,1,3
152043,2022-10-22,dnevnik.hr,Secular/other,1,1,0,institution,1,3
152190,2022-10-22,zadarskilist.hr,Secular/other,1,1,0,cost_relig_life,1,3
152211,2022-10-22,medjimurski.hr,Secular/other,1,1,0,institution,1,3
152225,2022-10-22,novilist.hr,Secular/other,1,1,0,cost_relig_life,1,3
154461,2022-11-23,glas.hr,Secular/other,1,1,0,disputed,1,3
154471,2022-11-23,glas-slavonije.hr,Secular/other,1,1,0,disputed,1,3
154971,2022-12-24,pozega.eu,Secular/other,1,1,0,institution,1,3
154998,2022-12-23,hkm.hr,Catholic,1,1,0,institution,1,3
155200,2022-12-23,hkm.hr,Catholic,1,1,1,institution,0,3
155745,2022-03-25,5portal.hr,Secular/other,1,0,0,none,0,3
156669,2022-09-25,slobodnadalmacija.hr,Secular/other,1,1,0,devotional,1,3
156757,2022-09-25,zadarskilist.hr,Secular/other,1,1,0,charity,1,3
156775,2022-09-25,novilist.hr,Secular/other,1,1,0,charity,1,3
157017,2022-09-24,ssmi.hr,Secular/other,1,1,0,institution,1,3
157289,2022-10-24,hkv.hr,Secular/other,1,0,1,none,0,3
157290,2022-10-24,hkv.hr,Secular/other,1,0,1,none,0,3
157433,2022-10-24,mok.hr,Secular/other,1,1,0,institution,1,3
157653,2022-01-26,hkm.hr,Catholic,1,1,1,charity,0,3
158131,2022-04-26,forum.hr,Secular/other,1,0,0,none,0,3
159743,2022-11-25,banjaluka24.media,Secular/other,1,0,1,none,0,3
159746,2022-11-25,banjaluka24.media,Secular/other,1,0,1,none,0,3
159766,2022-11-25,banjaluka24.media,Secular/other,1,0,1,none,0,3
160079,2022-12-26,hrt.hr,Secular/other,1,1,0,charity,1,3
160293,2022-12-25,pozeski.hr,Secular/other,1,1,0,institution,1,3
160508,2022-12-25,pozega.eu,Secular/other,1,1,0,institution,1,3
160572,2022-12-25,034portal.hr,Secular/other,1,1,0,institution,1,3
160638,2022-12-25,hkm.hr,Catholic,1,1,0,institution,1,3
160639,2022-12-25,hkm.hr,Catholic,1,1,0,institution,1,3
160803,2022-12-25,slobodnadalmacija.hr,Secular/other,1,1,0,institution,1,3
160986,2022-03-27,hkm.hr,Catholic,1,1,1,devotional,0,3
162802,2022-01-28,narod.hr,Secular/other,1,1,0,institution,1,3
162820,2022-01-28,hrt.hr,Secular/other,1,1,0,institution,1,3
163154,2022-01-27,otvoreno.hr,Secular/other,1,1,0,charity,1,3
163160,2022-01-27,direktno.hr,Secular/other,1,1,0,institution,1,3
163609,2022-04-27,zagorje.com,Secular/other,1,0,0,none,0,3
164593,2022-08-27,hrt.hr,Secular/other,1,0,0,none,0,3
164797,2022-11-28,tomislavnews.com,Secular/other,1,0,0,none,0,3
166375,2022-03-29,dnevno.hr,Secular/other,1,1,0,devotional,1,3
166560,2022-03-28,radiolabin.hr,Secular/other,1,0,0,none,0,3
168632,2022-01-29,24sata.hr,Secular/other,1,1,0,institution,1,3
168637,2022-01-29,hrvatska-danas.com,Secular/other,1,1,0,institution,1,3
168654,2022-01-29,rtl.hr,Secular/other,1,1,0,institution,1,3
169399,2022-05-30,lidermedia.hr,Business,1,0,0,none,0,3
169441,2022-05-30,hrt.hr,Secular/other,1,0,0,none,0,3
169447,2022-05-30,direktno.hr,Secular/other,1,0,0,none,0,3
169449,2022-05-30,index.hr,Secular/other,1,0,0,none,0,3
169458,2022-05-30,glasistre.hr,Secular/other,1,0,0,none,0,3
169488,2022-05-30,jutarnji.hr,Secular/other,1,0,0,none,0,3
169837,2022-08-30,pozeski.hr,Secular/other,1,1,0,institution,1,3
169843,2022-08-30,hkm.hr,Catholic,1,1,0,institution,1,3
169844,2022-08-30,danica.hr,Secular/other,1,0,0,none,0,3
170192,2022-12-30,24sata.hr,Secular/other,1,1,0,cost_relig_life,1,3
170208,2022-12-30,telegram.hr,Secular/other,1,1,0,cost_relig_life,1,3
170211,2022-12-30,fiuman.hr,Secular/other,1,1,0,cost_relig_life,1,3
170216,2022-12-30,zagreb.info,Secular/other,1,1,0,cost_relig_life,1,3
170217,2022-12-30,banjaluka24.media,Secular/other,1,1,0,cost_relig_life,1,3
170227,2022-12-30,jutarnji.hr,Secular/other,1,1,0,cost_relig_life,1,3
170254,2022-12-30,mirovina.hr,Secular/other,1,1,0,cost_relig_life,1,3
170255,2022-12-30,istra24.hr,Secular/other,1,1,0,cost_relig_life,1,3
170257,2022-12-30,podravski.hr,Secular/other,1,1,0,cost_relig_life,1,3
170258,2022-12-30,totalinfo.hr,Secular/other,1,1,0,cost_relig_life,1,3
170259,2022-12-30,035portal.hr,Secular/other,1,1,0,cost_relig_life,1,3
170272,2022-12-30,banjaluka24.media,Secular/other,1,1,0,cost_relig_life,1,3
170283,2022-12-30,hrt.hr,Secular/other,1,1,0,cost_relig_life,1,3
170285,2022-12-30,vecernji.hr,Secular/other,1,1,0,cost_relig_life,1,3
170289,2022-12-30,jutarnji.hr,Secular/other,1,1,0,cost_relig_life,1,3
170292,2022-12-30,rijekadanas.com,Secular/other,1,1,0,cost_relig_life,1,3
170294,2022-12-30,telegram.hr,Secular/other,1,1,0,cost_relig_life,1,3
170298,2022-12-30,dalmacijadanas.hr,Secular/other,1,1,0,cost_relig_life,1,3
170299,2022-12-30,dalmatinskiportal.hr,Secular/other,1,1,0,cost_relig_life,1,3
170304,2022-12-30,bjelovar.live,Secular/other,1,1,0,cost_relig_life,1,3
170308,2022-12-30,glasistre.hr,Secular/other,1,1,0,cost_relig_life,1,3
170312,2022-12-30,tris.com.hr,Secular/other,1,1,0,cost_relig_life,1,3
170314,2022-12-30,direktno.hr,Secular/other,1,1,0,cost_relig_life,1,3
170324,2022-12-30,index.hr,Secular/other,1,1,0,cost_relig_life,1,3
170328,2022-12-30,zagorje-international.hr,Secular/other,1,1,0,cost_relig_life,1,3
170329,2022-12-30,slobodnadalmacija.hr,Secular/other,1,1,0,cost_relig_life,1,3
170330,2022-12-30,slobodnadalmacija.hr,Secular/other,1,1,0,cost_relig_life,1,3
170331,2022-12-30,banjaluka24.media,Secular/other,1,1,0,cost_relig_life,1,3
170333,2022-12-30,antenazadar.hr,Secular/other,1,1,0,cost_relig_life,1,3
170337,2022-12-30,banjaluka24.media,Secular/other,1,1,0,cost_relig_life,1,3
170338,2022-12-30,n1info.hr,Secular/other,1,1,0,cost_relig_life,1,3
170351,2022-12-30,034portal.hr,Secular/other,1,1,0,cost_relig_life,1,3
170352,2022-12-30,nacional.hr,Secular/other,1,1,0,cost_relig_life,1,3
170355,2022-12-30,poslovni.hr,Business,1,1,0,cost_relig_life,1,3
170366,2022-12-30,tportal.hr,Secular/other,1,1,0,cost_relig_life,1,3
170424,2022-12-29,24sata.hr,Secular/other,1,1,0,cost_relig_life,1,3
170499,2022-12-29,medjimurski.hr,Secular/other,1,1,0,cost_relig_life,1,3
171372,2022-06-30,ipaprkc.org,Secular/other,0,0,0,none,0,3
171424,2022-06-30,index.hr,Secular/other,1,1,1,institution,0,3
172870,2022-02-01,Drago Pilsel,Secular/other,1,1,0,institution,1,3
173034,2022-02-01,01portal.hr,Secular/other,1,1,0,institution,1,3
173038,2022-02-01,direktno.hr,Secular/other,1,1,0,institution,1,3
173058,2022-02-01,glasistre.hr,Secular/other,1,1,0,institution,1,3
173447,2022-06-01,glas.hr,Secular/other,1,1,0,institution,1,3
173455,2022-06-01,glas-slavonije.hr,Secular/other,1,1,0,institution,1,3
173543,2022-06-01,kamenjar.com,Secular/other,1,1,1,justice,0,3
173560,2022-06-01,24sata.hr,Secular/other,1,1,1,justice,0,3
173562,2022-06-01,tportal.hr,Secular/other,1,1,1,justice,0,3
173565,2022-06-01,teleskop.hr,Secular/other,1,1,1,justice,0,3
173571,2022-06-01,direktno.hr,Secular/other,1,1,1,justice,0,3
173574,2022-06-01,index.hr,Secular/other,1,1,1,justice,0,3
173575,2022-06-01,glasistre.hr,Secular/other,1,1,1,justice,0,3
173616,2022-06-01,jutarnji.hr,Secular/other,1,1,1,justice,0,3
173940,2022-09-01,glasgrada.hr,Secular/other,1,0,0,none,0,3
174008,2022-09-01,034portal.hr,Secular/other,1,0,0,none,0,3
174063,2022-09-01,hkm.hr,Catholic,1,1,0,charity,1,3
174101,2022-09-01,pszupanija.hr,Catholic,1,0,0,none,0,3
174225,2022-08-31,forum.hr,Secular/other,0,1,0,cost_relig_life,0,3
174226,2022-08-31,forum.hr,Secular/other,0,1,0,cost_relig_life,0,3
174240,2022-08-31,forum.hr,Secular/other,0,1,0,cost_relig_life,0,3
174244,2022-08-31,forum.hr,Secular/other,0,1,0,cost_relig_life,0,3
174368,2022-08-31,034portal.hr,Secular/other,1,1,0,institution,1,3
174725,2023-02-02,panopticum.hr,Secular/other,1,1,0,cost_relig_life,1,3
174790,2023-02-01,slobodnadalmacija.hr,Secular/other,1,1,0,cost_relig_life,1,3
174896,2023-02-01,croativ.net,Secular/other,1,0,0,none,0,3
174897,2023-02-01,croativ.net,Secular/other,1,0,0,none,0,3
175012,2023-03-02,priznajem.hr,Secular/other,1,0,0,none,0,3
175021,2023-03-02,hrvatska-danas.com,Secular/other,1,0,0,none,0,3
175039,2023-03-02,zadarskilist.hr,Secular/other,1,0,0,none,0,3
175057,2023-03-02,direktno.hr,Secular/other,1,0,0,none,0,3
175061,2023-03-02,hrt.hr,Secular/other,1,0,0,none,0,3
175067,2023-03-02,prigorski.hr,Secular/other,1,0,0,none,0,3
175087,2023-03-02,glasistre.hr,Secular/other,1,0,0,none,0,3
175201,2023-03-01,youtube.com,Secular/other,1,1,0,institution,1,3
175398,2023-03-01,istra24.hr,Secular/other,1,0,1,none,0,3
176919,2023-10-02,istra24.hr,Secular/other,1,0,0,none,0,3
177215,2023-01-03,mirovina.hr,Secular/other,1,1,0,cost_relig_life,1,3
177512,2023-01-02,priznajem.hr,Secular/other,1,0,0,none,0,3
177960,2023-04-02,hrt.hr,Secular/other,1,0,0,none,0,3
177961,2023-04-02,stv.hr,Secular/other,1,1,0,justice,1,3
178955,2023-08-03,plusportal.hr,Secular/other,1,1,0,cost_relig_life,1,3
179265,2023-08-02,telegram.hr,Secular/other,1,1,1,institution,0,3
179270,2023-08-02,hkm.hr,Catholic,1,1,0,justice,1,3
179276,2023-08-02,novilist.hr,Secular/other,1,1,1,institution,0,3
179277,2023-08-02,euractiv.hr,Secular/other,1,1,1,institution,0,3
179281,2023-08-02,leportale.com,Secular/other,1,1,1,institution,0,3
179286,2023-08-02,novilist.hr,Secular/other,1,1,1,institution,0,3
179291,2023-08-02,glasistre.hr,Secular/other,1,1,1,institution,0,3
179299,2023-08-02,dnevnik.hr,Secular/other,1,1,1,institution,0,3
179300,2023-08-02,nacional.hr,Secular/other,1,1,1,institution,0,3
179301,2023-08-02,index.hr,Secular/other,1,1,1,institution,0,3
179315,2023-08-02,livno-online.com,Secular/other,1,1,1,cost_relig_life,0,3
179733,2023-11-02,sisak.info,Secular/other,0,1,0,devotional,0,3
179739,2023-11-02,quirinusportal.com,Secular/other,0,1,0,devotional,0,3
179841,2023-11-02,rsminfo.hr,Secular/other,0,1,0,devotional,0,3
179893,2023-12-03,glas-slavonije.hr,Secular/other,1,1,0,institution,1,3
180323,2023-12-02,hkm.hr,Catholic,1,1,0,institution,1,3
180324,2023-12-02,hdz.hr,Secular/other,1,0,0,none,0,3
180397,2023-12-02,djos.hr,Secular/other,1,1,0,institution,1,3
180977,2023-02-03,glasistre.hr,Secular/other,1,1,0,cost_relig_life,1,3
180982,2023-02-03,herceg-bosna.com,Secular/other,1,0,0,none,0,3
183706,2023-01-04,hkm.hr,Catholic,1,1,0,charity,1,3
184232,2023-04-04,jaskadanas.hr,Secular/other,1,1,0,institution,1,3
184241,2023-04-04,vgdanas.hr,Secular/other,1,1,0,institution,1,3
184365,2023-04-04,istra24.hr,Secular/other,1,1,1,institution,0,3
184374,2023-04-04,jaskadanas.hr,Secular/other,1,1,0,institution,1,3
184409,2023-05-05,hkm.hr,Catholic,1,1,1,justice,0,3
184753,2023-05-04,24sata.hr,Secular/other,1,1,0,cost_relig_life,1,3
186144,2023-12-04,novilist.hr,Secular/other,1,1,0,institution,1,3
186687,2023-03-06,promise.hr,Secular/other,1,1,0,charity,1,3
186926,2023-03-05,narod.hr,Secular/other,1,1,0,justice,1,3
188687,2023-01-07,glas.hr,Secular/other,1,0,0,none,0,3
188697,2023-01-07,glas-slavonije.hr,Secular/other,1,0,0,none,0,3
189870,2023-04-06,dnevnik.hr,Secular/other,1,0,0,none,0,3
190233,2023-05-06,dnevnik.hr,Secular/other,0,0,0,none,0,3
190689,2023-08-06,ljportal.com,Secular/other,1,0,0,none,0,3
193149,2023-06-07,dnevno.hr,Secular/other,1,1,0,cost_relig_life,1,3
194256,2023-09-07,narod.hr,Secular/other,0,0,0,none,0,3
194717,2023-01-09,varazdinske-vijesti.hr,Secular/other,1,1,0,cost_relig_life,1,3
194847,2023-01-09,brodportal.hr,Secular/other,1,1,0,cost_relig_life,1,3
194873,2023-01-09,dnevnik.hr,Secular/other,1,1,0,cost_relig_life,1,3
195079,2023-04-09,hkm.hr,Catholic,1,1,1,institution,0,3
195253,2023-04-09,poslovni.hr,Business,1,1,1,institution,0,3
195417,2023-04-09,bloombergadria.com,Business,1,1,1,institution,0,3
195648,2023-04-08,sibenik.in,Secular/other,1,1,1,institution,0,3
195658,2023-04-08,n1info.hr,Secular/other,1,1,1,institution,0,3
195666,2023-04-08,index.hr,Secular/other,1,1,1,institution,0,3
195667,2023-04-08,glasistre.hr,Secular/other,1,1,1,institution,0,3
195747,2023-04-08,sinj-news.hr,Secular/other,1,0,0,none,0,3
197598,2023-02-10,mirovina.hr,Secular/other,1,0,0,none,0,3
200261,2023-01-10,slobodnadalmacija.hr,Secular/other,1,0,0,none,0,3
200269,2023-01-10,dulist.hr,Secular/other,1,1,0,cost_relig_life,1,3
200270,2023-01-10,liberoportal.hr,Secular/other,1,1,0,cost_relig_life,1,3
200380,2023-01-10,glasgrada.hr,Secular/other,1,1,0,cost_relig_life,1,3
200466,2023-04-11,dragovoljac.com,Secular/other,1,0,0,none,0,3
200767,2023-04-10,hrvatska-danas.com,Secular/other,1,0,0,none,0,3
200783,2023-04-10,maxportal.hr,Secular/other,1,0,0,none,0,3
200792,2023-04-10,kamenjar.com,Secular/other,1,0,0,none,0,3
200802,2023-04-10,direktno.hr,Secular/other,1,0,0,none,0,3
202315,2023-12-11,livno-online.com,Secular/other,1,0,0,none,0,3
202981,2023-02-11,hkm.hr,Catholic,1,1,1,justice,0,3
204214,2023-09-12,laudato.hr,Catholic,1,0,0,none,0,3
205349,2023-01-12,zadarskilist.hr,Secular/other,1,1,0,cost_relig_life,1,3
206312,2023-05-12,croativ.net,Secular/other,1,0,0,none,0,3
206644,2023-08-12,leportale.com,Secular/other,1,0,0,none,0,3
206645,2023-08-12,glasistre.hr,Secular/other,1,0,0,none,0,3
206646,2023-08-12,glasistre.hr,Secular/other,1,0,0,none,0,3
208268,2023-03-14,dubrovnikinsider.hr,Secular/other,1,1,0,charity,1,3
208363,2023-03-14,hkm.hr,Catholic,1,1,0,charity,1,3
208890,2023-06-13,serdarusic.com,Secular/other,1,1,0,justice,1,3
209060,2023-06-13,mirovina.hr,Secular/other,1,1,0,cost_relig_life,1,3
209605,2023-09-14,hkm.hr,Catholic,1,1,0,institution,1,3
209736,2023-09-13,laudato.hr,Catholic,1,0,0,none,0,3
210551,2023-01-14,hkm.hr,Catholic,1,1,1,charity,0,3
210755,2023-04-15,dnevnik.hr,Secular/other,1,0,0,none,0,3
211051,2023-04-15,hrvatska-danas.com,Secular/other,1,0,0,none,0,3
211054,2023-04-15,dalmacijadanas.hr,Secular/other,1,0,0,none,0,3
211063,2023-04-15,kastela.com,Secular/other,1,0,0,none,0,3
211068,2023-04-15,dalmacijanews.hr,Secular/other,1,0,0,none,0,3
211914,2023-08-15,panopticum.hr,Secular/other,1,0,0,none,0,3
212304,2023-08-15,sbperiskop.net,Secular/other,1,0,0,none,0,3
214162,2023-03-16,otvoreno.hr,Secular/other,0,0,1,none,0,3
214175,2023-03-16,nacional.hr,Secular/other,0,0,1,none,0,3
214181,2023-03-16,direktno.hr,Secular/other,0,0,1,none,0,3
214182,2023-03-16,24sata.hr,Secular/other,0,0,1,none,0,3
214184,2023-03-16,n1info.hr,Secular/other,0,0,1,none,0,3
214185,2023-03-16,dnevnik.hr,Secular/other,0,0,1,none,0,3
214190,2023-03-16,tportal.hr,Secular/other,0,0,1,none,0,3
214192,2023-03-16,jutarnji.hr,Secular/other,0,0,1,none,0,3
214193,2023-03-16,glasistre.hr,Secular/other,0,0,1,none,0,3
215166,2023-09-16,mka.hr,Secular/other,1,1,0,institution,1,3
216304,2023-01-16,sabh.hr,Secular/other,1,1,0,cost_relig_life,1,3
217193,2023-05-16,slobodnadalmacija.hr,Secular/other,1,0,0,none,0,3
217296,2023-08-17,hkm.hr,Catholic,1,1,0,institution,1,3
217666,2023-08-16,hkm.hr,Catholic,1,1,0,devotional,1,3
217702,2023-08-16,djos.hr,Secular/other,1,1,0,devotional,1,3
218774,2023-02-18,priznajem.hr,Secular/other,1,0,0,none,0,3
218799,2023-02-18,hrvatska-danas.com,Secular/other,1,0,0,none,0,3
218940,2023-02-17,podravski.hr,Secular/other,1,0,0,none,0,3
218996,2023-02-17,hrvatski-fokus.hr,Secular/other,1,0,1,none,0,3
219167,2023-03-18,hkm.hr,Catholic,1,1,1,justice,0,3
221181,2023-01-19,glas.hr,Secular/other,1,1,0,institution,1,3
221194,2023-01-19,glas-slavonije.hr,Secular/other,1,1,0,institution,1,3
223181,2023-12-19,dragovoljac.com,Secular/other,1,0,0,none,0,3
223182,2023-12-19,dragovoljac.com,Secular/other,1,0,0,none,0,3
223690,2023-12-18,hrvatska-danas.com,Secular/other,1,0,0,none,0,3
223732,2023-12-18,maxportal.hr,Secular/other,1,0,0,none,0,3
223740,2023-12-18,kamenjar.com,Secular/other,1,0,0,none,0,3
223746,2023-12-18,direktno.hr,Secular/other,1,0,0,none,0,3
226371,2023-10-19,czn.hr,Secular/other,1,1,0,justice,1,3
227067,2023-04-20,novosti.hr,Secular/other,1,1,0,cost_relig_life,1,3
228101,2023-12-21,croativ.net,Secular/other,1,0,0,none,0,3
228792,2023-02-22,novagra.hr,Secular/other,1,1,0,institution,1,3
229147,2023-02-21,zagreb.info,Secular/other,1,0,0,none,0,3
230645,2023-09-21,hkm.hr,Catholic,1,1,0,charity,1,3
230917,2023-10-22,leportale.com,Secular/other,1,0,1,none,0,3
231223,2023-01-23,rtv-hb.com,Secular/other,1,1,1,cost_relig_life,0,3
231429,2023-01-22,geopolitika.news,Business,1,0,1,none,0,3
231553,2023-04-23,hrt.hr,Secular/other,1,1,1,institution,0,3
231557,2023-04-23,index.hr,Secular/other,1,1,1,institution,0,3
231559,2023-04-23,glasistre.hr,Secular/other,1,1,1,institution,0,3
231569,2023-04-23,zagreb.info,Secular/other,1,1,0,cost_relig_life,1,3
231677,2023-04-23,novosti.hr,Secular/other,1,1,0,cost_relig_life,1,3
231716,2023-04-23,24sata.hr,Secular/other,1,1,1,institution,0,3
233595,2023-12-22,croativ.net,Secular/other,1,0,0,none,0,3
233656,2023-12-22,croativ.net,Secular/other,1,0,0,none,0,3
233816,2023-12-22,croativ.net,Secular/other,1,0,0,none,0,3
233852,2023-12-22,slobodnadalmacija.hr,Secular/other,1,0,0,none,0,3
235332,2023-07-24,turistplus.hr,Secular/other,1,0,1,none,0,3
236623,2023-01-25,034portal.hr,Secular/other,1,1,0,cost_relig_life,1,3
236638,2023-01-25,zagreb.info,Secular/other,1,1,0,institution,1,3
236647,2023-01-25,croatia,Secular/other,1,1,0,institution,1,3
236660,2023-01-25,dnevno.hr,Secular/other,1,1,0,institution,1,3
236699,2023-01-24,dnevnik.hr,Secular/other,1,1,0,institution,1,3
236770,2023-01-24,hkm.hr,Catholic,1,1,1,cost_relig_life,0,3
236995,2023-04-25,laudato.hr,Catholic,1,1,0,charity,1,3
237014,2023-04-25,hkm.hr,Catholic,1,1,1,cost_relig_life,0,3
237789,2023-05-24,narod.hr,Secular/other,1,0,0,none,0,3
238908,2023-12-25,danica.hr,Secular/other,1,1,0,cost_relig_life,1,3
239149,2023-12-25,vecernji.hr,Secular/other,1,1,0,institution,1,3
240006,2023-02-25,pozeski.hr,Secular/other,1,1,0,institution,1,3
240023,2023-02-25,hkm.hr,Catholic,1,1,0,institution,1,3
240229,2023-03-26,hkm.hr,Catholic,1,1,1,justice,0,3
241956,2023-10-26,leportale.com,Secular/other,1,1,0,cost_relig_life,1,3
241962,2023-10-26,index.hr,Secular/other,1,1,0,cost_relig_life,1,3
241963,2023-10-26,index.hr,Secular/other,1,1,0,cost_relig_life,1,3
242014,2023-10-26,poslovni.hr,Business,1,0,0,none,0,3
242620,2023-01-26,grazia.hr,Secular/other,1,1,0,institution,1,3
242702,2023-01-26,studentski.hr,Secular/other,1,1,0,institution,1,3
242705,2023-01-26,slavonijainfo.com,Secular/other,1,1,0,cost_relig_life,1,3
242804,2023-04-27,Moj HRT,Secular/other,1,0,0,none,0,3
242815,2023-04-27,narod.hr,Secular/other,1,1,0,charity,1,3
242826,2023-04-27,hrt.hr,Secular/other,1,0,0,none,0,3
242842,2023-04-27,gov.hr,Secular/other,1,0,0,none,0,3
242849,2023-04-27,gov.hr,Secular/other,1,0,0,none,0,3
242901,2023-04-27,hkm.hr,Catholic,1,1,0,charity,1,3
244042,2023-08-26,novizivot.net,Catholic,1,1,1,other,0,3
244160,2023-11-27,novilist.hr,Secular/other,1,1,0,charity,1,3
244591,2023-12-27,dalmatinskiportal.hr,Secular/other,1,1,0,cost_relig_life,1,3
244664,2023-12-27,035portal.hr,Secular/other,1,1,0,cost_relig_life,1,3
244681,2023-12-27,likaclub.eu,Secular/other,1,1,0,disputed,1,2
244708,2023-12-27,czn.hr,Secular/other,1,1,0,institution,1,3
244769,2023-12-26,leportale.com,Secular/other,1,1,0,cost_relig_life,1,3
244774,2023-12-26,slobodnadalmacija.hr,Secular/other,1,1,0,cost_relig_life,1,3
244775,2023-12-26,infokiosk.net,Secular/other,1,1,0,cost_relig_life,1,3
245308,2023-02-27,hrt.hr,Secular/other,1,1,0,devotional,1,3
245327,2023-02-27,hkv.hr,Secular/other,1,1,0,devotional,1,3
246603,2023-06-27,likaclub.eu,Secular/other,1,0,0,none,0,3
247117,2023-09-28,hkm.hr,Catholic,1,1,1,institution,0,3
248124,2023-01-28,hkm.hr,Catholic,1,1,0,charity,1,3
248125,2023-01-28,biskupija-varazdinska.hr,Catholic,1,1,0,charity,1,3
248654,2023-04-28,hia.com.hr,Secular/other,1,0,0,none,0,3
250304,2023-12-29,hkm.hr,Catholic,1,1,0,institution,1,3
250576,2023-12-28,priznajem.hr,Secular/other,1,1,0,cost_relig_life,1,3
250902,2023-03-30,hkm.hr,Catholic,1,1,0,institution,1,3
251966,2023-07-29,slobodnadalmacija.hr,Secular/other,1,1,0,cost_relig_life,1,3
251982,2023-07-29,zagorje.com,Secular/other,1,1,0,disputed,1,3
252012,2023-07-29,vecernji.hr,Secular/other,1,0,0,none,0,3
252491,2023-09-29,tjedno.hr,Secular/other,1,0,0,none,0,3
253091,2023-01-31,croativ.net,Secular/other,1,0,0,none,0,3
253119,2023-01-31,croativ.net,Secular/other,1,0,0,none,0,3
253167,2023-01-31,dragovoljac.com,Secular/other,1,0,0,none,0,3
253478,2023-01-30,hrvatska-danas.com,Secular/other,1,0,0,none,0,3
253493,2023-01-30,maxportal.hr,Secular/other,1,0,0,none,0,3
253528,2023-01-30,kamenjar.com,Secular/other,1,0,0,none,0,3
253530,2023-01-30,direktno.hr,Secular/other,1,0,0,none,0,3
254392,2023-05-30,tportal.hr,Secular/other,1,0,0,none,0,3
254681,2023-08-31,hop.com.hr,Secular/other,1,0,1,none,0,3
254699,2023-08-31,leportale.com,Secular/other,1,0,1,none,0,3
255130,2023-12-01,Svjedočanstva & Vjera,Catholic,0,0,0,none,0,3
255509,2023-12-31,glasgrada.hr,Secular/other,1,1,0,institution,1,3
255555,2023-12-31,dubrovnikinsider.hr,Secular/other,1,1,0,institution,1,3
255604,2023-12-31,liberoportal.hr,Secular/other,1,1,0,institution,1,3
255669,2023-12-30,novilist.hr,Secular/other,1,1,0,institution,1,3
255679,2023-12-30,index.hr,Secular/other,1,1,0,institution,1,3
255681,2023-12-30,telegram.hr,Secular/other,1,1,0,institution,1,3
255756,2023-12-30,zupcica.hr,Secular/other,1,1,0,institution,1,3
255761,2023-12-30,slobodnadalmacija.hr,Secular/other,1,1,0,institution,1,3
255767,2023-12-30,morski.hr,Secular/other,1,1,0,institution,1,3
255788,2023-12-30,dulist.hr,Secular/other,1,1,0,institution,1,3
255789,2023-12-30,infokiosk.net,Secular/other,1,1,0,institution,1,3
256548,2023-08-01,ljubuski.net,Secular/other,1,1,0,cost_relig_life,1,3
256558,2023-08-01,ljubuski.net,Secular/other,1,1,0,cost_relig_life,1,3
256949,2023-11-01,hkm.hr,Catholic,0,0,0,none,0,3
257235,2023-11-01,dalmacijadanas.hr,Secular/other,1,1,0,devotional,1,3
257489,2023-10-31,hrvatska-danas.com,Secular/other,1,0,0,none,0,3
257844,2022-12-31,novosti.hr,Secular/other,1,1,0,cost_relig_life,1,3
257945,2022-12-31,zupa-svkriz.hr,Catholic,1,1,0,institution,1,3
258099,2022-12-31,banjaluka24.media,Secular/other,1,1,0,cost_relig_life,1,3
258223,2022-12-31,dnevno.hr,Secular/other,1,1,0,cost_relig_life,1,3
258251,2022-12-31,gspress.net,Secular/other,1,1,0,cost_relig_life,1,3
258253,2022-12-31,zagorje.com,Secular/other,1,1,0,cost_relig_life,1,3
258346,2024-01-02,kamenjar.com,Secular/other,1,1,0,cost_relig_life,1,3
258396,2024-01-02,ljubuski.net,Secular/other,1,1,0,cost_relig_life,1,3
258397,2024-01-02,tomislavcity.com,Secular/other,1,1,0,cost_relig_life,1,3
258398,2024-01-02,mega-media.hr,Secular/other,1,1,0,cost_relig_life,1,3
258413,2024-01-02,ljubuski.net,Secular/other,1,1,0,cost_relig_life,1,3
259221,2024-01-04,dnevnik.hr,Secular/other,1,0,1,none,0,3
261846,2024-06-05,direktno.hr,Secular/other,1,1,0,institution,1,3
261970,2024-06-05,moje-djakovo.com,Secular/other,1,1,0,institution,1,3
262959,2024-06-07,gorenjski-soncek.si,Secular/other,1,0,0,none,0,3
263001,2024-06-07,glas.hr,Secular/other,1,1,0,institution,1,3
263027,2024-06-07,glas-slavonije.hr,Secular/other,1,1,0,institution,1,3
263436,2024-06-10,maxportal.hr,Secular/other,1,0,0,none,0,3
263437,2024-06-10,hrvatski-glasnik.com,Secular/other,1,0,0,none,0,3
263460,2024-06-10,direktno.hr,Secular/other,1,0,0,none,0,3
263461,2024-06-10,direktno.hr,Secular/other,1,0,0,none,0,3
264108,2024-06-11,dragovoljac.com,Secular/other,1,0,0,none,0,3
265198,2023-01-14,hkm.hr,Catholic,1,1,1,charity,0,3
265432,2024-06-16,net.hr,Secular/other,0,0,0,none,0,3
265838,2024-06-18,nacional.hr,Secular/other,1,1,0,cost_relig_life,1,3
265847,2024-06-18,net.hr,Secular/other,1,1,0,cost_relig_life,1,3
265852,2024-06-18,slobodnadalmacija.hr,Secular/other,1,1,0,cost_relig_life,1,3
265873,2024-06-18,net.hr,Secular/other,1,1,0,cost_relig_life,1,3
265877,2024-06-18,net.hr,Secular/other,1,1,0,cost_relig_life,1,3
265878,2024-06-18,net.hr,Secular/other,1,1,0,cost_relig_life,1,3
265891,2024-06-18,mirovina.hr,Secular/other,1,1,0,cost_relig_life,1,3
265931,2024-06-18,regionalni.com,Secular/other,1,1,0,cost_relig_life,1,3
265951,2024-06-18,radio-rama.info,Secular/other,1,1,0,cost_relig_life,1,3
265967,2024-06-18,zagorje-international.hr,Secular/other,1,1,0,cost_relig_life,1,3
265973,2024-06-18,novosti.hr,Secular/other,1,1,0,cost_relig_life,1,3
265989,2024-06-18,023.hr,Secular/other,1,1,0,cost_relig_life,1,3
265994,2024-06-18,drava.info,Secular/other,1,1,0,cost_relig_life,1,3
266028,2024-06-18,sbonline.net,Secular/other,1,1,0,cost_relig_life,1,3
266029,2024-06-18,likaclub.eu,Secular/other,1,1,0,cost_relig_life,1,3
266065,2024-06-18,novizivot.net,Catholic,1,1,0,cost_relig_life,1,3
266095,2024-06-17,osijekexpress.com,Secular/other,1,1,0,cost_relig_life,1,3
266104,2024-06-17,7dnevno.hr,Secular/other,1,1,0,cost_relig_life,1,3
266108,2024-06-17,dnevnik.hr,Secular/other,1,1,0,cost_relig_life,1,3
266112,2024-06-17,tportal.hr,Secular/other,1,1,0,cost_relig_life,1,3
266118,2024-06-17,nacional.hr,Secular/other,1,1,0,cost_relig_life,1,3
266129,2024-06-17,totalinfo.hr,Secular/other,1,1,0,cost_relig_life,1,3
266131,2024-06-17,totalinfo.hr,Secular/other,1,1,0,cost_relig_life,1,3
266132,2024-06-17,totalinfo.hr,Secular/other,1,1,0,cost_relig_life,1,3
266134,2024-06-17,mnovine.hr,Secular/other,1,1,0,cost_relig_life,1,3
266143,2024-06-17,24sata.hr,Secular/other,1,1,0,cost_relig_life,1,3
266146,2024-06-17,antenazadar.hr,Secular/other,1,1,0,cost_relig_life,1,3
266152,2024-06-17,varazdinske-vijesti.hr,Secular/other,1,1,0,cost_relig_life,1,3
266160,2024-06-17,novilist.hr,Secular/other,1,1,0,cost_relig_life,1,3
266164,2024-06-17,slobodnadalmacija.hr,Secular/other,1,1,0,cost_relig_life,1,3
266166,2024-06-17,infokiosk.net,Secular/other,1,1,0,cost_relig_life,1,3
266180,2024-06-17,mojevrijeme.hr,Secular/other,1,1,0,cost_relig_life,1,3
266181,2024-06-17,direktno.hr,Secular/other,1,1,0,cost_relig_life,1,3
266182,2024-06-17,net.hr,Secular/other,1,1,0,cost_relig_life,1,3
266185,2024-06-17,novilist.hr,Secular/other,1,1,0,cost_relig_life,1,3
266186,2024-06-17,infokiosk.net,Secular/other,1,1,0,cost_relig_life,1,3
266192,2024-06-17,podravski.hr,Secular/other,1,1,0,cost_relig_life,1,3
266194,2024-06-17,n1info.hr,Secular/other,1,1,0,cost_relig_life,1,3
266196,2024-06-17,sibenik.in,Secular/other,1,1,0,cost_relig_life,1,3
266204,2024-06-17,index.hr,Secular/other,1,1,0,cost_relig_life,1,3
266206,2024-06-17,24sata.hr,Secular/other,1,1,0,cost_relig_life,1,3
266210,2024-06-17,telegram.hr,Secular/other,1,1,0,cost_relig_life,1,3
266218,2024-06-17,jutarnji.hr,Secular/other,1,1,0,cost_relig_life,1,3
266233,2024-06-17,vecernji.hr,Secular/other,1,1,0,cost_relig_life,1,3
266421,2024-06-20,sabh.hr,Secular/other,0,0,0,none,0,3
266574,2024-06-20,glasgacke.hr,Secular/other,1,1,0,cost_relig_life,1,3
266715,2024-06-19,sibenskiportal.hr,Secular/other,1,1,0,cost_relig_life,1,3
266873,2024-06-19,035portal.hr,Secular/other,1,1,0,cost_relig_life,1,3
266900,2024-06-19,net.hr,Secular/other,1,1,0,cost_relig_life,1,3
267131,2024-06-22,jutarnji.hr,Secular/other,1,1,0,cost_relig_life,1,3
267132,2024-06-22,jutarnji.hr,Secular/other,1,1,0,cost_relig_life,1,3
267133,2024-06-22,jutarnji.hr,Secular/other,1,1,0,cost_relig_life,1,3
267191,2024-06-21,vjeraidjela.com,Catholic,0,0,0,none,0,3
267446,2024-06-24,slobodnadalmacija.hr,Secular/other,1,1,0,cost_relig_life,1,3
267462,2024-06-24,24sata.hr,Secular/other,1,1,0,cost_relig_life,1,3
267793,2024-06-23,24sata.hr,Secular/other,1,1,0,cost_relig_life,1,3
267892,2024-06-23,kucice.hr,Secular/other,1,1,0,cost_relig_life,1,3
269813,2025-01-12,Bitno.net,Secular/other,1,1,0,charity,1,3
269814,2025-01-12,bitno.net,Secular/other,1,1,0,charity,1,3
270223,2025-01-11,Zagreb.info,Secular/other,1,1,0,charity,1,3
270227,2025-01-11,zagreb.info,Secular/other,1,1,0,charity,1,3
270270,2025-01-11,direktno.hr,Secular/other,1,1,0,charity,1,3
270382,2025-01-11,glas-slavonije.hr,Secular/other,0,0,0,none,0,3
270854,2025-01-10,glas-slavonije.hr,Secular/other,1,0,0,none,0,3
273135,2025-01-06,plusportal.hr,Secular/other,1,1,0,disputed,1,3
276859,2026-01-05,crovijesti.com,Secular/other,1,1,1,other,0,3
277849,2026-01-03,Entire_Program9370 @ r/croatia,Secular/other,0,0,0,none,0,3
277952,2026-01-03,Besni Mačor,Secular/other,1,0,0,none,0,3
278081,2026-01-03,svijet.hr,Secular/other,1,0,0,none,0,3
278569,2026-01-02,mojsrbac.info,Secular/other,1,1,1,other,0,3
278570,2026-01-02,mojbrod.info,Secular/other,1,1,1,other,0,3
278571,2026-01-02,mojamodrica.info,Secular/other,1,1,1,other,0,3
278572,2026-01-02,mojaderventa.info,Secular/other,1,1,1,other,0,3
278573,2026-01-02,mojteslic.info,Secular/other,1,1,1,other,0,3
278574,2026-01-02,mojprnjavor.info,Secular/other,1,1,1,other,0,3
278575,2026-01-02,mojsamac.info,Secular/other,1,1,1,other,0,3
278604,2026-01-02,n1info.hr,Secular/other,1,1,1,other,0,3
278617,2026-01-02,tportal.hr,Secular/other,1,0,1,none,0,3
278626,2026-01-02,index.hr,Secular/other,1,0,1,none,0,3
278842,2026-01-01,telegram.hr,Secular/other,1,0,1,none,0,3
278878,2026-01-01,glasistre.hr,Secular/other,1,0,1,none,0,3
278903,2026-01-01,novilist.hr,Secular/other,1,0,1,none,0,3
278941,2026-01-01,jutarnji.hr,Secular/other,1,1,1,other,0,3
278961,2026-01-01,tportal.hr,Secular/other,1,0,1,none,0,3
278962,2026-01-01,index.hr,Secular/other,1,0,1,none,0,3
278963,2026-01-01,istra24.hr,Secular/other,1,1,1,other,0,3
278989,2026-01-01,hrt.hr,Secular/other,1,0,1,none,0,3
280364,2025-02-14,dragovoljac.com,Secular/other,1,0,0,none,0,3
280527,2025-02-14,aljazeera.net,Secular/other,1,0,1,none,0,3
280804,2025-02-14,glas-slavonije.hr,Secular/other,1,0,0,none,0,3
281495,2025-02-13,narod.hr,Secular/other,1,0,0,none,0,3
281691,2025-02-12,hrvatskonebo.org,Secular/other,0,0,0,none,0,3
282555,2025-02-11,financije.hr,Secular/other,1,0,0,none,0,3
283308,2025-02-10,jutarnji.hr,Secular/other,1,1,0,institution,1,3
284739,2025-02-08,info-ks.net,Secular/other,1,0,0,none,0,3
285728,2025-02-06,novosti.hr,Secular/other,1,1,0,disputed,1,3
286119,2025-02-05,poskok.info,Secular/other,0,0,1,none,0,3
286207,2025-02-05,dnevno.hr,Secular/other,1,0,0,none,0,3
287357,2025-02-03,youtube.com,Secular/other,1,0,0,none,0,3
288019,2025-02-03,slobodnadalmacija.hr,Secular/other,1,0,0,none,0,3
288901,2025-02-01,dnevno.hr,Secular/other,0,0,1,none,0,3
289433,2025-03-16,narod.hr,Secular/other,1,1,1,other,0,3
289434,2025-03-16,infokiosk.net,Secular/other,1,1,1,other,0,3
290267,2025-03-15,hkm.hr,Catholic,1,1,1,institution,0,3
290548,2025-03-14,ofm.hr,Secular/other,1,1,1,institution,0,3
291282,2025-03-13,"Dobro jutro, Hrvatska",Secular/other,1,0,0,none,0,3
291734,2025-03-13,zadarskitjednik.hr,Secular/other,1,0,0,none,0,3
291957,2025-03-12,sjeverni.info,Secular/other,0,1,1,institution,0,3
294765,2025-03-09,034portal.hr,Secular/other,1,0,0,none,0,3
294820,2025-03-09,compas.com.hr,Secular/other,1,0,0,none,0,3
295606,2025-03-07,hkm.hr,Catholic,1,1,1,institution,0,3
295782,2025-03-07,laudato.hr,Catholic,1,1,1,institution,0,3
296346,2025-03-06,zadarskitjednik.hr,Secular/other,1,0,0,none,0,3
296458,2025-03-06,anonymous_user,Secular/other,0,0,0,none,0,3
296602,2025-03-06,pakrackilist.hr,Secular/other,1,0,0,none,0,3
296648,2025-03-06,sibenik.in,Secular/other,1,1,0,charity,1,3
297030,2025-03-06,motorsport.hr,Secular/other,0,0,1,none,0,3
297049,2025-03-06,glasistre.hr,Secular/other,1,1,0,devotional,1,3
297147,2025-03-05,autograf.hr,Secular/other,1,1,0,disputed,1,3
298234,2025-03-04,rijeka.hr,Secular/other,1,0,0,none,0,3
299126,2025-03-03,hrportfolio.hr,Secular/other,1,0,1,none,0,3
299983,2025-03-02,croativ.net,Secular/other,1,1,1,institution,0,3
300247,2025-03-01,croativ.net,Secular/other,1,1,1,institution,0,3
302956,2025-04-19,bloombergadria.com,Business,1,0,1,none,0,3
303300,2025-04-19,mnovine.hr,Secular/other,1,0,0,none,0,3
303778,2025-04-18,telegram.hr,Secular/other,1,0,0,none,0,3
303911,2025-04-18,nacional.hr,Secular/other,1,0,0,none,0,3
303978,2025-04-18,glas-slavonije.hr,Secular/other,1,0,0,none,0,3
304149,2025-04-18,net.hr,Secular/other,1,0,0,none,0,3
304378,2025-04-18,germanijak.hr,Secular/other,1,0,0,none,0,3
304408,2025-04-18,vecernji.hr,Secular/other,1,0,0,none,0,3
304449,2025-04-18,24sata.hr,Secular/other,1,0,0,none,0,3
304471,2025-04-18,direktno.hr,Secular/other,1,0,0,none,0,3
304492,2025-04-18,tportal.hr,Secular/other,1,0,0,none,0,3
304509,2025-04-18,novilist.hr,Secular/other,1,0,0,none,0,3
304550,2025-04-18,net.hr,Secular/other,1,0,0,none,0,3
304564,2025-04-18,sportcom.hr,Secular/other,1,0,0,none,0,3
304572,2025-04-18,crovijesti.com,Secular/other,1,0,0,none,0,3
304600,2025-04-17,index.hr,Secular/other,1,0,0,none,0,3
304601,2025-04-17,index.hr,Secular/other,1,0,0,none,0,3
304602,2025-04-17,sportnet.hr,Secular/other,1,0,0,none,0,3
304606,2025-04-17,slobodnadalmacija.hr,Secular/other,1,0,0,none,0,3
304609,2025-04-17,sportnet.hr,Secular/other,1,0,0,none,0,3
304626,2025-04-17,telegram.hr,Secular/other,1,0,0,none,0,3
304642,2025-04-17,jutarnji.hr,Secular/other,1,0,0,none,0,3
305959,2025-04-16,poduzetnik.biz,Secular/other,1,0,1,none,0,3
306629,2025-04-15,hrt.hr,Secular/other,1,1,1,institution,0,3
306642,2025-04-15,n1info.hr,Secular/other,1,1,1,institution,0,3
306663,2025-04-15,24sata.hr,Secular/other,1,1,1,institution,0,3
306666,2025-04-15,index.hr,Secular/other,1,1,1,institution,0,3
306670,2025-04-15,tportal.hr,Secular/other,1,1,1,institution,0,3
310823,2025-04-09,rockomotiva.com,Secular/other,1,0,0,none,0,3
312382,2025-04-02,Eurodesk Hrvatska,Secular/other,1,0,1,none,0,3
312750,2025-05-11,totalinfo.hr,Secular/other,1,0,0,none,0,3
314089,2025-05-09,Poslovni.hr,Business,1,1,1,institution,0,3
316397,2025-05-06,Svetokriški udarnik,Secular/other,1,0,0,none,0,3
319672,2025-06-13,net.hr,Secular/other,1,0,0,none,0,3
323271,2025-06-07,jutarnji.hr,Secular/other,1,0,0,none,0,3
323349,2025-06-07,dnevnik.hr,Secular/other,1,0,0,none,0,3
323363,2025-06-07,glasistre.hr,Secular/other,1,0,0,none,0,3
323370,2025-06-07,hrt.hr,Secular/other,1,0,0,none,0,3
323373,2025-06-07,direktno.hr,Secular/other,1,0,0,none,0,3
323374,2025-06-07,novilist.hr,Secular/other,1,0,0,none,0,3
323381,2025-06-07,telegram.hr,Secular/other,1,0,0,none,0,3
323388,2025-06-07,index.hr,Secular/other,1,0,0,none,0,3
323391,2025-06-07,novilist.hr,Secular/other,1,0,0,none,0,3
323392,2025-06-07,glas-slavonije.hr,Secular/other,1,0,0,none,0,3
323394,2025-06-07,nacional.hr,Secular/other,1,0,0,none,0,3
323465,2025-06-07,vecernji.hr,Secular/other,1,0,0,none,0,3
325591,2025-06-04,crovijesti.com,Secular/other,1,0,0,none,0,3
325622,2025-06-04,poslovni.hr,Business,1,0,0,none,0,3
325977,2025-06-03,slobodnadalmacija.hr,Secular/other,1,1,0,cost_relig_life,1,3
326868,2025-06-02,gov.hr,Secular/other,1,0,0,none,0,3
327043,2025-06-02,Zandroe_ @ r/croatia,Secular/other,1,0,0,none,0,3
329162,2024-07-05,medjimurjepress.net,Secular/other,1,0,0,none,0,3
329188,2024-07-05,muralist.hr,Secular/other,1,0,0,none,0,3
331142,2024-07-02,totalinfo.hr,Secular/other,1,0,1,none,0,3
333756,2025-07-17,dulist.hr,Secular/other,1,0,0,none,0,3
335651,2025-07-14,prigorski.hr,Secular/other,1,1,0,charity,1,3
335660,2025-07-14,dnevno.hr,Secular/other,0,0,0,none,0,3
335796,2025-07-14,hkm.hr,Catholic,1,1,0,charity,1,3
335930,2025-07-14,dnevnik.hr,Secular/other,1,0,0,none,0,3
336180,2025-07-14,caritas.hr,Catholic,1,1,0,charity,1,3
336452,2025-07-13,glas-koncila.hr,Catholic,1,1,1,justice,0,3
336762,2025-07-13,forum.hr,Secular/other,0,0,0,none,0,3
337223,2025-07-12,dnevno.hr,Secular/other,1,1,0,institution,1,3
338961,2025-07-09,24sata.hr,Secular/other,1,0,0,none,0,3
340952,2025-07-06,bitno.net,Secular/other,1,1,0,devotional,1,3
341786,2025-07-05,novizivot.net,Catholic,1,1,1,institution,0,3
344238,2024-08-11,autograf.hr,Secular/other,1,1,0,justice,1,3
345486,2024-08-09,hrvatski-fokus.hr,Secular/other,1,0,0,none,0,3
347176,2024-08-05,tiramola-media.info,Secular/other,1,0,0,none,0,3
350194,2024-08-01,hrt.hr,Secular/other,0,0,0,none,0,3
350852,2025-08-17,totalno.hr,Secular/other,1,0,1,none,0,3
350925,2025-08-16,totalno.hr,Secular/other,1,0,1,none,0,3
350943,2025-08-16,zagreb.info,Secular/other,1,0,0,none,0,3
351060,2025-08-16,valpovstina.info,Secular/other,1,1,1,cost_relig_life,0,3
352510,2025-08-15,dalmatinskiportal.hr,Secular/other,1,1,0,devotional,1,3
352751,2025-08-15,glas-koncila.hr,Catholic,1,1,0,justice,1,3
353128,2025-08-14,index.hr,Secular/other,0,0,0,none,0,3
354900,2025-08-12,hkm.hr,Catholic,1,1,0,charity,1,3
355437,2025-08-11,index.hr,Secular/other,1,0,1,none,0,3
356353,2025-08-09,valpovstina.info,Secular/other,1,1,1,cost_relig_life,0,3
357837,2025-08-07,kamenjar.com,Secular/other,1,0,0,none,0,3
358113,2025-08-06,hkm.hr,Catholic,1,1,0,charity,1,3
359536,2025-08-04,laudato.hr,Catholic,1,1,0,charity,1,3
360811,2025-08-02,valpovstina.info,Secular/other,1,1,1,cost_relig_life,0,3
360830,2025-08-02,turizmoteka.hr,Secular/other,1,0,1,none,0,3
361345,2025-08-01,czn.hr,Secular/other,1,1,0,charity,1,3
361807,2025-08-01,caritas.hr,Catholic,1,1,0,charity,1,3
362697,2024-09-14,7dnevno.hr,Secular/other,1,0,0,none,0,3
364367,2024-09-11,novilist.hr,Secular/other,1,1,0,charity,1,3
364368,2024-09-11,infokiosk.net,Secular/other,1,1,0,charity,1,3
364377,2024-09-11,hkm.hr,Catholic,1,1,0,charity,1,3
364743,2024-09-10,novilist.hr,Secular/other,1,1,0,charity,1,3
364744,2024-09-10,infokiosk.net,Secular/other,1,1,0,charity,1,3
364866,2024-09-10,hkm.hr,Catholic,1,1,0,charity,1,3
365714,2024-09-09,ravnododna.com,Secular/other,0,0,1,none,0,3
366373,2024-09-08,teleskop.hr,Secular/other,1,1,0,charity,1,3
367930,2024-09-05,dragovoljac.com,Secular/other,1,0,1,none,0,3
368464,2024-09-04,zagorje.com,Secular/other,1,0,0,none,0,3
368687,2024-09-03,theCha1rmak3r @ r/croatia,Secular/other,1,0,0,none,0,3
370460,2024-10-13,bitno.net,Secular/other,1,1,1,justice,0,3
370741,2024-10-12,hkm.hr,Catholic,1,1,1,justice,0,3
374315,2024-10-06,net.hr,Secular/other,0,0,0,none,0,3
377923,2025-10-12,poskok.info,Secular/other,1,0,1,none,0,3
378034,2025-10-12,crovijesti.com,Secular/other,1,0,1,none,0,3
379497,2025-10-10,ex-iskon-pleme.com,Secular/other,0,0,1,none,0,3
382219,2025-10-06,novilist.hr,Secular/other,1,1,0,institution,1,3
382335,2025-10-06,bbzinfo.hr,Secular/other,1,0,0,none,0,3
384273,2025-10-03,index.hr,Secular/other,1,0,1,none,0,3
387856,2024-11-14,seebiz.eu,Business,1,0,1,none,0,3
389973,2024-11-11,istarski.hr,Secular/other,0,0,1,none,0,3
390830,2024-11-10,telegram.hr,Secular/other,1,0,0,none,0,3
390897,2024-11-10,net.hr,Secular/other,1,0,0,none,0,3
390922,2024-11-10,direktno.hr,Secular/other,1,0,0,none,0,3
391137,2024-11-10,net.hr,Secular/other,1,0,0,none,0,3
391516,2024-11-09,poskok.info,Secular/other,1,0,0,none,0,3
391630,2024-11-09,Kulturne stanice,Secular/other,0,0,0,none,0,3
392333,2024-11-08,ideje.hr,Secular/other,1,0,1,none,0,3
392362,2024-11-08,aljazeera.net,Secular/other,1,0,1,none,0,3
393236,2024-11-06,portalnovosti.com,Secular/other,0,0,0,none,0,3
393653,2024-11-06,Moto_Couple,Secular/other,1,1,0,disputed,1,3
394114,2024-11-05,net.hr,Secular/other,0,0,1,none,0,3
394259,2024-11-05,net.hr,Secular/other,1,0,0,none,0,3
396660,2025-11-16,hkm.hr,Catholic,1,1,0,justice,1,3
398273,2025-11-14,novilist.hr,Secular/other,1,1,0,other,1,3
402482,2025-11-08,novilist.hr,Secular/other,1,1,0,other,1,3
402638,2025-11-08,kamenjar.com,Secular/other,1,0,0,none,0,3
402641,2025-11-08,crodex.net,Secular/other,1,0,0,none,0,3
402658,2025-11-08,anonymous_user,Secular/other,1,0,0,none,0,3
402661,2025-11-08,Miletić Marin,Secular/other,1,0,0,none,0,3
404182,2025-11-05,tportal.hr,Secular/other,1,0,0,none,0,3
404192,2025-11-05,24sata.hr,Secular/other,1,0,1,none,0,3
405236,2025-11-04,poslovni.hr,Business,1,0,0,none,0,3
405318,2025-11-04,crovijesti.com,Secular/other,1,0,0,none,0,3
405319,2025-11-04,zagreb.info,Secular/other,1,0,0,none,0,3
405482,2025-11-04,crovijesti.com,Secular/other,1,0,0,none,0,3
405580,2025-11-03,dalmacijadanas.hr,Secular/other,1,0,0,none,0,3
405594,2025-11-03,index.hr,Secular/other,1,0,0,none,0,3
406694,2025-11-02,net.hr,Secular/other,1,0,0,none,0,3
407296,2025-11-01,totalinfo.hr,Secular/other,1,1,0,cost_relig_life,1,3
410716,2024-12-11,telegram.hr,Secular/other,1,0,1,none,0,3
410877,2024-12-11,magicus.info,Secular/other,0,0,0,none,0,3
411227,2024-12-10,anonymous_user,Secular/other,0,0,0,none,0,3
411235,2024-12-10,Direktno.hr,Secular/other,1,0,0,none,0,3
411274,2024-12-10,direktno.hr,Secular/other,1,0,0,none,0,3
411382,2024-12-10,net.hr,Secular/other,1,0,0,none,0,3
412045,2024-12-09,No-Sea6696 @ r/hrvatska,Secular/other,1,0,0,none,0,3
413172,2024-12-08,zadarskitjednik.hr,Secular/other,1,0,0,none,0,3
413661,2024-12-07,crovijesti.com,Secular/other,1,0,1,none,0,3
415420,2024-12-05,dubrovniknet.hr,Secular/other,1,1,0,institution,1,3
417174,2024-12-02,dalmacijanews.hr,Secular/other,1,0,0,none,0,3
417366,2024-12-02,portalnovosti.com,Secular/other,1,0,0,none,0,3
419491,2025-12-13,nacional.hr,Secular/other,1,0,0,none,0,3
420596,2025-12-12,aurodomus.hr,Secular/other,1,0,0,none,0,3
421151,2025-12-11,slobodnadalmacija.hr,Secular/other,1,0,0,none,0,3
421767,2025-12-10,24sata.hr,Secular/other,1,0,0,none,0,3
421817,2025-12-10,jutarnji.hr,Secular/other,1,0,0,none,0,3
421846,2025-12-10,poslovni.hr,Business,1,0,0,none,0,3
421987,2025-12-10,lidermedia.hr,Business,1,0,0,none,0,3
422056,2025-12-10,financije.hr,Secular/other,1,0,1,none,0,3
422379,2025-12-09,mojevrijeme.hr,Secular/other,1,1,0,cost_relig_life,1,3
422565,2025-12-09,zagorje.com,Secular/other,1,1,0,charity,1,3
422655,2025-12-09,24sata.hr,Secular/other,1,1,0,cost_relig_life,1,3
423264,2025-12-08,narod.hr,Secular/other,1,0,0,none,0,3
424283,2025-12-06,tportal.hr,Secular/other,1,0,1,none,0,3
424931,2025-12-05,Ninoslav Šafarić,Secular/other,1,0,0,none,0,3
425013,2025-12-05,tockanai.hr,Secular/other,1,0,0,none,0,3
425093,2025-12-05,poslovni.hr,Business,1,0,0,none,0,3
425908,2025-12-04,istrain.hr,Secular/other,1,0,0,none,0,3
427043,2025-12-03,index.hr,Secular/other,1,0,1,none,0,3
427333,2025-12-02,autograf.hr,Secular/other,0,0,0,none,0,3
427726,2025-12-02,poslovni.hr,Business,1,0,0,none,0,3
428630,2025-12-01,youtube.com,Secular/other,1,0,0,none,0,3
429670,2024-07-13,shromsa @ r/hrvatska,Secular/other,1,1,0,disputed,1,3
432085,2024-07-09,-Dotepenec @ r/croatia,Secular/other,1,0,0,none,0,3
432299,2024-07-09,plusportal.hr,Secular/other,1,1,0,charity,1,3
432666,2024-07-08,zagorje-international.hr,Secular/other,1,0,0,none,0,3
433418,2025-05-31,mojevrijeme.hr,Secular/other,1,1,0,charity,1,3
438949,2025-05-22,crovijesti.com,Secular/other,1,1,0,cost_relig_life,1,3
439062,2025-05-22,dalmacijadanas.hr,Secular/other,1,1,0,cost_relig_life,1,3
439782,2025-05-21,sabor.hr,Secular/other,1,0,0,none,0,3
441168,2025-05-19,glas-koncila.hr,Catholic,1,0,1,none,0,3
442586,2025-05-17,antikvarijatzz.hr,Secular/other,0,0,0,none,0,3
443742,2025-05-16,glas-slavonije.hr,Secular/other,1,0,0,none,0,3
444120,2025-05-15,radiong.hr,Secular/other,1,0,0,none,0,3
455701,2024-08-15,autograf.hr,Secular/other,1,1,0,justice,1,3
457155,2024-08-14,nacional.hr,Secular/other,1,0,1,none,0,3
457157,2024-08-14,slobodnadalmacija.hr,Secular/other,1,0,1,none,0,3
457173,2024-08-14,ogportal.com,Secular/other,1,0,1,none,0,3
457178,2024-08-14,glas-slavonije.hr,Secular/other,1,0,1,none,0,3
457217,2024-08-14,24sata.hr,Secular/other,1,0,1,none,0,3
457219,2024-08-14,hrt.hr,Secular/other,1,0,1,none,0,3
457229,2024-08-14,n1info.hr,Secular/other,1,0,1,none,0,3
457230,2024-08-14,index.hr,Secular/other,1,0,1,none,0,3
457284,2024-08-14,jutarnji.hr,Secular/other,1,0,1,none,0,3
457569,2024-08-13,index.hr,Secular/other,1,0,1,none,0,3
459380,2025-01-30,financije.hr,Secular/other,1,0,1,none,0,3
460049,2025-01-29,zagorje.com,Secular/other,1,0,0,none,0,3
460336,2025-01-28,crovijesti.com,Secular/other,1,0,1,none,0,3
460645,2025-01-28,hrv.hr,Secular/other,1,1,0,charity,1,3
460800,2025-01-27,hrv.hr,Secular/other,1,1,0,charity,1,3
461067,2025-01-27,radionasice.hr,Secular/other,1,0,0,none,0,3
461433,2025-01-25,crodex.net,Secular/other,1,0,0,none,0,3
462614,2025-01-20,novilist.hr,Secular/other,1,0,0,none,0,3
463470,2025-01-18,novilist.hr,Secular/other,1,0,0,none,0,3
464397,2025-01-17,Miletić Marin,Secular/other,0,1,0,justice,0,3
464699,2025-01-16,jutarnji.hr,Secular/other,1,0,0,none,0,3
464859,2025-01-16,crovijesti.com,Secular/other,1,0,0,none,0,3
465141,2025-01-15,hdz.hr,Secular/other,1,0,0,none,0,3
466008,2025-01-14,hkm.hr,Catholic,0,0,0,none,0,3
466197,2025-01-14,Tom-from-east @ r/askcroatia,Secular/other,1,0,0,none,0,3
466223,2025-01-14,plavakamenica.hr,Secular/other,1,1,0,cost_relig_life,1,3
466851,2025-01-13,crovijesti.com,Secular/other,1,1,0,charity,1,3
467063,2025-01-13,novizivot.net,Catholic,1,1,0,charity,1,3
467843,2025-10-31,financije.hr,Secular/other,1,0,0,none,0,3
470024,2025-10-28,tportal.hr,Secular/other,1,1,1,cost_relig_life,0,3
471661,2025-10-26,Stock_Investment_490 @ r/askcroatia,Secular/other,1,0,0,none,0,3
472038,2025-10-25,glasistre.hr,Secular/other,1,0,0,none,0,3
472046,2025-10-25,sjeverni.info,Secular/other,1,0,0,none,0,3
472104,2025-10-25,evarazdin.hr,Secular/other,1,0,0,none,0,3
472112,2025-10-25,regionalni.com,Secular/other,1,0,0,none,0,3
472132,2025-10-25,varazdinske-vijesti.hr,Secular/other,1,0,0,none,0,3
472512,2025-10-24,crovijesti.com,Secular/other,1,0,1,none,0,3
472527,2025-10-24,novilist.hr,Secular/other,1,0,0,none,0,3
472958,2025-10-24,crovijesti.com,Secular/other,1,0,0,none,0,3
473122,2025-10-23,index.hr,Secular/other,1,0,0,none,0,3
473147,2025-10-23,narod.hr,Secular/other,1,0,0,none,0,3
475621,2025-10-20,poslovni.hr,Business,1,0,0,none,0,3
475827,2025-10-20,jutarnji.hr,Secular/other,1,0,1,none,0,3
475901,2025-10-20,iusinfo.hr,Secular/other,1,0,1,none,0,3
477505,2025-10-17,prigorski.hr,Secular/other,1,1,0,charity,1,3
479379,2025-10-14,autograf.hr,Secular/other,0,0,0,none,0,3
479610,2025-10-14,financije.hr,Secular/other,1,0,1,none,0,3
479775,2025-10-14,poslovni.hr,Business,1,0,1,none,0,3
479791,2025-10-14,index.hr,Secular/other,1,0,1,none,0,3
479795,2025-10-14,tportal.hr,Secular/other,1,0,1,none,0,3
481380,2024-10-31,totalinfo.hr,Secular/other,1,0,0,none,0,3
481777,2024-10-30,zagorje.com,Secular/other,1,1,0,charity,1,3
481942,2024-10-30,anonymous_user,Secular/other,1,0,0,none,0,3
482386,2024-10-29,autograf.hr,Secular/other,1,0,1,none,0,3
484219,2024-10-26,vinkulja.hr,Secular/other,1,0,0,none,0,3
487292,2024-10-20,slobodnadalmacija.hr,Secular/other,1,0,0,none,0,3
488002,2024-10-18,IVKA KOŠARA VLOGS,Secular/other,1,0,0,none,0,3
488167,2024-10-18,seebiz.eu,Business,1,1,0,charity,1,3
488216,2024-10-18,index.hr,Secular/other,1,1,0,charity,1,3
489190,2024-10-16,dnevno.hr,Secular/other,1,0,0,none,0,3
489777,2024-10-15,gov.hr,Secular/other,1,0,0,none,0,3
490026,2024-10-15,autograf.hr,Secular/other,1,1,0,justice,1,3
491810,2024-07-19,aljazeera.net,Secular/other,1,0,1,none,0,3
492957,2024-07-17,aljazeera.net,Secular/other,1,0,1,none,0,3
495063,2025-09-29,vecernji.hr,Secular/other,1,0,1,none,0,3
497870,2025-09-25,czn.hr,Secular/other,1,1,0,charity,1,3
497937,2025-09-25,czn.hr,Secular/other,1,1,0,charity,1,3
498244,2025-09-24,caritas.hr,Catholic,1,1,0,charity,1,3
498484,2025-09-24,hkm.hr,Catholic,1,1,0,charity,1,3
498641,2025-09-24,podravski.hr,Secular/other,1,0,0,none,0,3
500181,2025-09-21,slobodnadalmacija.hr,Secular/other,1,1,0,devotional,1,3
501936,2025-09-18,dnevnik.hr,Secular/other,1,1,0,institution,1,3
502036,2025-09-18,ebrod.net,Secular/other,1,0,0,none,0,3
502221,2025-09-18,035portal.hr,Secular/other,1,0,0,none,0,3
503470,2025-09-16,portalnovosti.com,Secular/other,0,0,0,none,0,3
504757,2025-12-31,seebiz.eu,Business,1,0,0,none,0,3
505081,2025-12-30,crovijesti.com,Secular/other,1,0,1,none,0,3
505750,2025-12-29,vecernji.hr,Secular/other,1,1,1,justice,0,3
505763,2025-12-29,tportal.hr,Secular/other,1,1,1,justice,0,3
505771,2025-12-29,croativ.net,Secular/other,1,0,0,none,0,3
505785,2025-12-29,24sata.hr,Secular/other,1,1,1,justice,0,3
505786,2025-12-29,nacional.hr,Secular/other,1,1,1,justice,0,3
505788,2025-12-29,index.hr,Secular/other,1,1,1,justice,0,3
505818,2025-12-29,glasistre.hr,Secular/other,1,1,1,justice,0,3
505828,2025-12-29,hrt.hr,Secular/other,1,1,1,justice,0,3
506604,2025-12-28,slobodnadalmacija.hr,Secular/other,1,0,0,none,0,3
506641,2025-12-28,narod.hr,Secular/other,1,0,0,none,0,3
507050,2025-12-28,brodportal.hr,Secular/other,1,1,0,cost_relig_life,1,3
507230,2025-12-27,valpovstina.info,Secular/other,1,1,0,cost_relig_life,1,3
507441,2025-12-27,vecernji.hr,Secular/other,1,1,0,cost_relig_life,1,3
507535,2025-12-27,znet.hr,Secular/other,1,1,0,institution,1,3
507883,2025-12-26,liberal.hr,Secular/other,1,0,0,none,0,3
508083,2025-12-26,bitno.net,Secular/other,1,1,0,institution,1,3
508179,2025-12-26,023.hr,Secular/other,1,1,0,institution,1,3
508200,2025-12-26,znet.hr,Secular/other,1,1,0,institution,1,3
508219,2025-12-26,vecernji.hr,Secular/other,0,0,0,none,0,3
508319,2025-12-26,Ljiljan.ba,Secular/other,1,1,1,charity,0,3
508505,2025-12-25,kalelargainfo.hr,Secular/other,1,1,0,institution,1,3
508506,2025-12-25,kalelargainfo.hr,Secular/other,1,1,0,institution,1,3
508507,2025-12-25,kalelargainfo.hr,Secular/other,1,1,0,institution,1,3
508677,2025-12-25,zadarskitjednik.hr,Secular/other,1,1,0,institution,1,3
508732,2025-12-25,glas-slavonije.hr,Secular/other,1,1,0,institution,1,3
508789,2025-12-25,index.hr,Secular/other,1,1,0,institution,1,3
509988,2025-12-24,zlatko srebric,Secular/other,0,0,0,none,0,3
511630,2025-12-23,glasgacke.hr,Secular/other,1,0,1,none,0,3
513268,2025-12-20,valpovstina.info,Secular/other,1,1,0,cost_relig_life,1,3
514784,2025-12-18,istarski.hr,Secular/other,1,0,0,none,0,3
515113,2025-12-18,unicath.hr,Secular/other,1,0,0,none,0,3
515114,2025-12-18,unicath.hr,Secular/other,1,0,0,none,0,3
515283,2025-12-18,jutarnji.hr,Secular/other,1,0,0,none,0,3
516971,2025-12-15,bjelovar.live,Secular/other,1,1,0,cost_relig_life,1,3
517679,2025-06-30,grabancijas.com,Secular/other,1,0,1,none,0,3
520380,2025-06-26,jutarnji.hr,Secular/other,1,0,0,none,0,3
520525,2025-06-26,mojnovac.hr,Business,1,0,0,none,0,3
520629,2025-06-25,telegram.hr,Secular/other,1,0,0,none,0,3
521069,2025-06-25,forum.hr,Secular/other,0,0,1,none,0,3
521288,2025-06-25,sinjskarera.hr,Secular/other,0,0,0,none,0,3
523905,2025-06-20,zagreb.info,Secular/other,0,0,0,none,0,3
523906,2025-06-20,novine.hr,Secular/other,0,0,0,none,0,3
526715,2025-06-16,autograf.hr,Secular/other,0,0,0,none,0,3
526907,2025-06-16,elle.hr,Secular/other,0,0,0,none,0,3
527576,2024-12-31,teklic.hr,Secular/other,1,0,0,none,0,3
528017,2024-12-30,sportnet.hr,Secular/other,1,0,0,none,0,3
528071,2024-12-30,hina.hr,Secular/other,1,0,0,none,0,3
528258,2024-12-30,hrvatskonebo.org,Secular/other,0,0,0,none,0,3
530595,2024-12-26,dnevno.hr,Secular/other,1,0,1,none,0,3
531147,2024-12-25,zagreb.info,Secular/other,1,1,0,charity,1,3
531311,2024-12-25,Index Vijesti,Secular/other,0,0,0,none,0,3
531321,2024-12-25,index.hr,Secular/other,0,0,0,none,0,3
531322,2024-12-25,infokiosk.net,Secular/other,0,0,0,none,0,3
531423,2024-12-25,Danas.hr,Secular/other,0,0,0,none,0,3
531455,2024-12-25,klik.hr,Secular/other,0,0,0,none,0,3
531489,2024-12-25,Net.hr,Secular/other,0,0,0,none,0,3
531507,2024-12-25,net.hr,Secular/other,0,0,0,none,0,3
533744,2024-12-23,bitno.net,Secular/other,0,0,0,none,0,3
534331,2024-12-23,vecernji.hr,Secular/other,1,0,1,none,0,3
535606,2024-12-20,dnevno.hr,Secular/other,1,0,0,none,0,3
536417,2024-12-19,braniteljski-forum.com,Secular/other,1,0,1,none,0,3
536544,2024-12-19,slobodnadalmacija.hr,Secular/other,1,0,1,none,0,3
536627,2024-12-19,jutarnji.hr,Secular/other,1,0,1,none,0,3
537918,2024-12-17,prigorski.hr,Secular/other,1,0,0,none,0,3
538034,2024-12-17,krizevci.hr,Secular/other,1,0,0,none,0,3
538915,2024-12-16,epodravina.hr,Secular/other,1,0,0,none,0,3
539023,2024-12-16,krizevci.hr,Secular/other,1,0,0,none,0,3
539107,2024-12-16,prigorski.hr,Secular/other,1,0,0,none,0,3
539262,2024-12-16,morski.hr,Secular/other,1,0,0,none,0,3
543415,2025-02-23,Net.hr,Secular/other,1,0,1,none,0,3
543539,2025-02-23,net.hr,Secular/other,1,0,1,none,0,3
543871,2025-02-23,forum.tm,Secular/other,1,0,0,none,0,3
544259,2025-02-22,glasistre.hr,Secular/other,1,0,0,none,0,3
544431,2025-02-22,infokiosk.net,Secular/other,0,0,0,none,0,3
544482,2025-02-22,index.hr,Secular/other,1,0,1,none,0,3
544948,2025-02-21,hkm.hr,Catholic,0,0,0,none,0,3
545184,2025-02-21,vjeronauk.hr,Secular/other,0,0,0,none,0,3
546136,2025-02-20,logicno.com,Secular/other,1,0,0,none,0,3
546979,2025-02-19,infokiosk.net,Secular/other,1,0,0,none,0,3
548041,2025-02-17,24sata.hr,Secular/other,1,1,0,charity,1,3
550292,2025-03-26,zagreb.info,Secular/other,1,1,0,institution,1,3
550302,2025-03-26,liberal.hr,Secular/other,1,0,1,none,0,3
550923,2025-03-26,poslovni.hr,Business,1,0,0,none,0,3
550958,2025-03-26,hrvatskiglas-berlin.eu,Secular/other,1,0,0,none,0,3
553073,2025-03-23,arhivanalitika.hr,Business,1,0,1,none,0,3
553813,2025-03-21,tportal.hr,Secular/other,1,0,1,none,0,3
554188,2025-03-21,novilist.hr,Secular/other,0,0,1,none,0,3
554449,2025-03-21,narod.hr,Secular/other,0,0,0,none,0,3
555092,2025-03-20,znet.hr,Secular/other,1,0,0,none,0,3
556681,2025-03-18,glas-koncila.hr,Catholic,0,0,0,none,0,3
558408,2025-11-29,narod.hr,Secular/other,1,1,0,cost_relig_life,1,3
558488,2025-11-29,narod.hr,Secular/other,0,0,0,none,0,3
558732,2025-11-29,index.hr,Secular/other,1,0,0,none,0,3
559382,2025-11-28,NewsBar,Secular/other,1,1,0,institution,1,3
560735,2025-11-27,crovijesti.com,Secular/other,1,1,1,institution,0,3
562554,2025-11-24,slobodnadalmacija.hr,Secular/other,0,1,0,devotional,0,3
568857,2025-08-30,valpovstina.info,Secular/other,1,1,1,cost_relig_life,0,3
569636,2025-08-29,slobodnadalmacija.hr,Secular/other,1,0,0,none,0,3
569648,2025-08-29,dubrovniknet.hr,Secular/other,1,0,0,none,0,3
571023,2025-08-27,arhivanalitika.hr,Business,1,0,1,none,0,3
571236,2025-08-26,aurodomus.hr,Secular/other,1,0,0,none,0,3
572970,2025-08-23,valpovstina.info,Secular/other,1,1,1,cost_relig_life,0,3
572988,2025-08-23,vecernji.hr,Secular/other,0,0,0,none,0,3
574467,2025-08-20,bitno.net,Secular/other,0,0,0,none,0,3
575912,2025-08-18,Radio Vallis Aurea,Secular/other,1,0,0,none,0,3
576179,2025-08-18,forum.hr,Secular/other,1,0,1,none,0,3
576240,2024-11-30,monitor.hr,Secular/other,1,0,0,none,0,3
576829,2024-11-30,infokiosk.net,Secular/other,1,1,0,institution,1,3
576911,2024-11-29,dulist.hr,Secular/other,1,1,0,institution,1,3
577000,2024-11-29,net.hr,Secular/other,1,1,0,institution,1,3
577206,2024-11-29,hkm.hr,Catholic,1,1,0,institution,1,3
577407,2024-11-29,Svjedočanstva & Vjera,Catholic,0,0,0,none,0,3
577845,2024-11-28,novosti.hr,Secular/other,1,1,0,cost_relig_life,1,3
578043,2024-11-28,Miletić Marin,Secular/other,1,1,0,justice,1,3
579211,2024-11-26,grabancijas.com,Secular/other,1,0,1,none,0,3
582362,2024-11-21,hkm.hr,Catholic,1,1,1,charity,0,3
585828,2025-04-29,youtube.com,Secular/other,0,0,1,none,0,3
586529,2025-04-28,bloombergadria.com,Business,0,0,1,none,0,3
587428,2025-04-27,slobodnadalmacija.hr,Secular/other,1,0,1,none,0,3
589979,2025-04-25,crovijesti.com,Secular/other,1,0,1,none,0,3
590000,2025-04-25,geopolitika.news,Business,1,0,1,none,0,3
590008,2025-04-25,vecernji.hr,Secular/other,1,0,1,none,0,3
590514,2025-04-25,telegram.hr,Secular/other,1,0,0,none,0,3
590777,2025-04-25,RTL,Secular/other,1,0,0,none,0,3
590964,2025-04-24,net.hr,Secular/other,1,0,0,none,0,3
591521,2025-04-24,novine.hr,Secular/other,1,0,1,none,0,3
593986,2025-04-22,crovijesti.com,Secular/other,1,0,1,none,0,3
599712,2025-07-31,poslovni.hr,Business,1,0,0,none,0,3
600392,2025-07-30,crovijesti.com,Secular/other,1,0,1,none,0,3
601402,2025-07-29,crovijesti.com,Secular/other,1,0,0,none,0,3
602340,2025-07-27,slobodnadalmacija.hr,Secular/other,1,0,0,none,0,3
602757,2025-07-26,valpovstina.info,Secular/other,1,1,1,cost_relig_life,0,3
602822,2025-07-26,hkm.hr,Catholic,1,1,1,charity,0,3
602876,2025-07-26,bitno.net,Secular/other,1,1,1,charity,0,3
602887,2025-07-26,hkm.hr,Catholic,1,1,1,charity,0,3
603126,2025-07-26,24sata.hr,Secular/other,1,0,1,none,0,3
603394,2025-07-25,poslovni.hr,Business,1,0,0,none,0,3
604309,2025-07-24,bloombergadria.com,Business,1,0,0,none,0,3
604786,2025-07-23,vinkulja.hr,Secular/other,1,1,1,cost_relig_life,0,3
607057,2024-07-28,hkm.hr,Catholic,1,0,0,none,0,3
608090,2024-07-26,svijetosiguranja.eu,Secular/other,1,0,1,none,0,3
612327,2026-01-20,press032.com,Secular/other,1,1,0,cost_relig_life,1,3
612368,2026-01-20,Baranja info,Secular/other,1,1,0,cost_relig_life,1,3
612433,2026-01-20,hrv.hr,Secular/other,1,1,0,cost_relig_life,1,3
613037,2026-01-19,net.hr,Secular/other,1,1,0,cost_relig_life,1,3
613041,2026-01-19,sjeverni.info,Secular/other,1,1,0,cost_relig_life,1,3
613143,2026-01-19,023.hr,Secular/other,1,1,0,cost_relig_life,1,3
613888,2026-03-05,index.hr,Secular/other,1,0,1,none,0,3
614268,2026-03-05,direktno.hr,Secular/other,1,1,0,institution,1,3
614465,2026-03-05,rva.hr,Secular/other,1,0,0,none,0,3
614932,2026-03-06,zagorje.com,Secular/other,1,0,0,none,0,3
616547,2026-03-09,dnevno.hr,Secular/other,1,0,0,none,0,3
616680,2026-03-09,vpz.hr,Secular/other,1,0,0,none,0,3
616790,2026-03-10,narod.hr,Secular/other,1,0,0,none,0,3
617104,2026-03-10,elle.hr,Secular/other,1,0,0,none,0,3
617855,2026-03-11,gradonacelnik.hr,Secular/other,1,0,0,none,0,3
619155,2026-03-17,komarilos.com,Secular/other,1,0,0,none,0,3
619566,2026-01-22,promise.hr,Secular/other,1,1,0,charity,1,3
620330,2026-01-21,Slobodna Dalmacija,Secular/other,1,1,0,cost_relig_life,1,3
620332,2026-01-21,Šibenski.hr,Secular/other,1,1,0,cost_relig_life,1,3
620346,2026-01-21,slobodnadalmacija.hr,Secular/other,1,1,0,cost_relig_life,1,3
620595,2026-03-18,24sata.hr,Secular/other,1,0,0,none,0,3
620618,2026-03-18,novilist.hr,Secular/other,1,0,0,none,0,3
620622,2026-03-18,hrt.hr,Secular/other,1,0,0,none,0,3
620651,2026-03-18,prigorski.hr,Secular/other,1,0,0,none,0,3
621957,2026-03-19,ijf.hr,Secular/other,1,0,0,none,0,3
622031,2026-03-19,direktno.hr,Secular/other,1,0,0,none,0,3
622118,2026-03-20,01portal.hr,Secular/other,1,0,0,none,0,3
622751,2026-03-20,vecernji.hr,Secular/other,1,1,0,cost_relig_life,1,3
623036,2026-03-21,dnevnik.hr,Secular/other,1,0,0,none,0,3
623371,2026-03-21,vecernji.hr,Secular/other,0,0,0,none,0,3
623372,2026-03-21,jutarnji.hr,Secular/other,1,0,0,none,0,3
624055,2026-03-23,24sata.hr,Secular/other,1,0,0,none,0,3
624326,2026-03-23,Slavonija info,Secular/other,1,0,0,none,0,3
625706,2026-03-25,023.hr,Secular/other,1,0,0,none,0,3
625708,2026-03-25,023.hr,Secular/other,1,0,0,none,0,3
625801,2026-03-25,bitno.net,Secular/other,1,1,1,justice,0,3
625982,2026-03-25,net.hr,Secular/other,1,0,0,none,0,3
626057,2026-03-26,pakrackilist.hr,Secular/other,1,0,0,none,0,3
626399,2026-03-26,portalnovosti.com,Secular/other,1,0,0,none,0,3
628484,2026-04-23,centarzlata.com,Secular/other,1,1,0,disputed,1,3
628521,2026-04-23,centarzlata.com,Secular/other,1,1,0,disputed,1,3
628899,2026-04-23,vecernji.hr,Secular/other,1,0,0,none,0,3
629011,2026-04-23,dalmacijadanas.hr,Secular/other,1,0,0,none,0,3
629024,2026-04-23,telegram.hr,Secular/other,1,0,0,none,0,3
629741,2026-04-24,zagreb.info,Secular/other,1,0,0,none,0,3
631019,2026-05-12,slobodnadalmacija.hr,Secular/other,1,1,0,cost_relig_life,1,3
632041,2026-05-13,gracanicainfo.com,Secular/other,0,0,1,none,0,3
632742,2026-05-14,radiomarija.hr,Secular/other,1,1,0,institution,1,3
632768,2026-05-14,bitcoin.com,Secular/other,1,0,1,none,0,3
632996,2026-05-15,drvo-namjestaj.hr,Secular/other,1,0,0,none,0,3
633006,2026-05-15,crovijesti.com,Secular/other,1,0,0,none,0,3
633078,2026-05-15,istra-istria.hr,Secular/other,1,0,0,none,0,3
634779,2026-05-26,vecernji.hr,Secular/other,0,0,0,none,0,3
635358,2026-06-01,gov.hr,Secular/other,1,0,0,none,0,3
635492,2026-06-01,tportal.hr,Secular/other,1,0,0,none,0,3
635936,2026-01-26,novilist.hr,Secular/other,1,1,0,cost_relig_life,1,3
636174,2026-01-26,teleskop.hr,Secular/other,1,1,0,cost_relig_life,1,3
636201,2026-01-26,Glas Slavonije,Secular/other,1,1,0,cost_relig_life,1,3
636207,2026-01-26,glas-slavonije.hr,Secular/other,1,1,0,cost_relig_life,1,3
636209,2026-01-26,glas-slavonije.hr,Secular/other,1,1,0,cost_relig_life,1,3
636242,2026-01-26,novilist.hr,Secular/other,1,1,0,cost_relig_life,1,3
636691,2026-06-09,poslovni.hr,Business,1,0,1,none,0,3
637585,2026-06-10,bloombergadria.com,Business,1,0,1,none,0,3
637636,2026-06-10,index.hr,Secular/other,1,0,0,none,0,3
638255,2026-06-11,dnevnik.hr,Secular/other,1,0,0,none,0,3
638782,2026-05-21,ideje.hr,Secular/other,1,0,0,none,0,3
638783,2026-05-21,ideje.hr,Secular/other,1,0,0,none,0,3
640077,2026-01-30,ogportal.com,Secular/other,1,0,0,none,0,3
640081,2026-01-30,dnevnik.hr,Secular/other,1,0,0,none,0,3
640087,2026-01-30,nacional.hr,Secular/other,1,0,0,none,0,3
640089,2026-01-30,telegram.hr,Secular/other,1,0,0,none,0,3
640096,2026-01-30,novilist.hr,Secular/other,1,0,0,none,0,3
640098,2026-01-30,tportal.hr,Secular/other,1,0,0,none,0,3
640099,2026-01-30,24sata.hr,Secular/other,1,0,0,none,0,3
640104,2026-01-30,direktno.hr,Secular/other,1,0,0,none,0,3
640112,2026-01-30,jutarnji.hr,Secular/other,1,0,0,none,0,3
640113,2026-01-30,n1info.hr,Secular/other,1,0,0,none,0,3
640117,2026-01-30,prigorski.hr,Secular/other,1,0,0,none,0,3
640125,2026-01-30,nacional.hr,Secular/other,1,0,0,none,0,3
640133,2026-01-30,hrt.hr,Secular/other,1,0,0,none,0,3
640235,2026-01-30,poslovni.hr,Business,1,0,1,none,0,3
641099,2026-02-01,dnevnik.hr,Secular/other,1,0,0,none,0,3
642510,2026-02-05,rva.hr,Secular/other,1,0,0,none,0,3
642643,2026-02-05,pszupanija.hr,Catholic,1,0,0,none,0,3
642646,2026-02-05,dnevnik.hr,Secular/other,1,0,0,none,0,3
643174,2026-02-04,crovijesti.com,Secular/other,1,0,1,none,0,3
644176,2026-02-06,zagreb.info,Secular/other,1,0,0,none,0,3
644230,2026-02-06,direktno.hr,Secular/other,1,0,0,none,0,3
644246,2026-02-06,dnevno.hr,Secular/other,1,0,0,none,0,3
644941,2026-02-11,magicus.info,Secular/other,0,0,0,none,0,3
645752,2026-02-15,istrain.hr,Secular/other,1,0,0,none,0,3
646961,2026-02-21,bloombergadria.com,Business,1,0,1,none,0,3
647258,2026-02-20,croativ.net,Secular/other,1,0,1,none,0,3
647839,2026-03-13,dnevnik.hr,Secular/other,1,0,1,none,0,3
647863,2026-03-13,zagreb.info,Secular/other,1,0,0,none,0,3
648956,2026-03-15,narod.hr,Secular/other,1,0,1,none,0,3
650144,2026-03-29,24sata.hr,Secular/other,1,1,0,charity,1,3
651408,2026-03-31,24sata.hr,Secular/other,1,0,0,none,0,3
651452,2026-03-31,dnevnik.hr,Secular/other,1,0,0,none,0,3
651480,2026-03-31,hrportfolio.hr,Secular/other,1,0,0,none,0,3
651519,2026-03-31,24sata.hr,Secular/other,1,0,0,none,0,3
651613,2026-03-31,agroklub.com,Secular/other,1,0,0,none,0,3
651633,2026-03-31,net.hr,Secular/other,1,0,0,none,0,3
653365,2026-04-02,novilist.hr,Secular/other,1,0,0,none,0,3
653619,2026-04-01,teleskop.hr,Secular/other,1,0,0,none,0,3
654897,2026-04-04,net.hr,Secular/other,1,0,0,none,0,3
654908,2026-04-04,crovijesti.com,Secular/other,1,0,0,none,0,3
655982,2026-04-03,slobodnadalmacija.hr,Secular/other,0,0,0,none,0,3
656112,2026-04-03,net.hr,Secular/other,1,0,0,none,0,2
656677,2026-04-06,poslovni.hr,Business,1,0,0,none,0,3
657474,2026-04-05,narod.hr,Secular/other,1,0,0,none,0,3
657630,2026-04-05,hkm.hr,Catholic,1,1,0,institution,1,3
658229,2026-04-05,vecernji.hr,Secular/other,1,1,0,devotional,1,3
658303,2026-04-05,hkm.hr,Catholic,1,1,0,devotional,1,3
659258,2026-04-07,gradonacelnik.hr,Secular/other,1,0,0,none,0,3
659552,2026-04-07,komarilos.com,Secular/other,1,0,0,none,0,3
659790,2026-04-07,czn.hr,Secular/other,1,1,0,devotional,1,3
660301,2026-04-10,radio-mreznica.hr,Secular/other,1,0,0,none,0,3
660359,2026-04-10,sbperiskop.net,Secular/other,1,0,0,none,0,3
660416,2026-04-09,poslovni.hr,Business,1,0,1,none,0,3
660579,2026-04-09,glas-koncila.hr,Catholic,1,0,0,none,0,3
660857,2026-04-09,hkm.hr,Catholic,1,0,0,none,0,3
661165,2026-04-12,dalmatinskiportal.hr,Secular/other,1,0,0,none,0,3
661736,2026-04-11,index.hr,Secular/other,1,0,1,none,0,3
662117,2026-04-11,mojzagreb.info,Secular/other,1,0,0,none,0,3
662708,2026-04-14,tris.com.hr,Secular/other,1,0,0,none,0,3
662863,2026-04-14,croativ.net,Secular/other,0,0,1,none,0,3
663472,2026-04-13,jutarnji.hr,Secular/other,1,0,1,none,0,3
663473,2026-04-13,jutarnji.hr,Secular/other,1,0,1,none,0,3
663554,2026-04-13,jutarnji.hr,Secular/other,1,0,1,none,0,3
663712,2026-04-16,virovitica.net,Secular/other,1,0,0,none,0,3
664224,2026-04-15,croativ.net,Secular/other,0,0,1,none,0,3
664822,2026-04-15,sbperiskop.net,Secular/other,1,0,0,none,0,3
664854,2026-04-15,croativ.net,Secular/other,0,0,1,none,0,3
664882,2026-04-18,zagreb.info,Secular/other,1,1,0,cost_relig_life,1,3
665833,2026-04-17,nacional.hr,Secular/other,1,0,0,none,0,3
665858,2026-04-17,telegram.hr,Secular/other,1,0,1,none,0,3
665930,2026-04-17,mojzagreb.info,Secular/other,1,0,0,none,0,3
666632,2026-04-19,DNEVNIK.hr,Secular/other,1,1,0,cost_relig_life,1,3
666642,2026-04-19,dnevnik.hr,Secular/other,1,1,0,cost_relig_life,1,3
666764,2026-04-19,dnevnik.hr,Secular/other,1,1,0,cost_relig_life,1,3
666830,2026-04-19,net.hr,Secular/other,0,1,0,disputed,0,3
667099,2026-04-22,hrt.hr,Secular/other,1,0,0,none,0,3
667101,2026-04-22,narod.hr,Secular/other,1,0,0,none,0,3
667305,2026-04-22,dnevnik.hr,Secular/other,1,0,0,none,0,3
667359,2026-04-22,komarilos.com,Secular/other,1,0,0,none,0,3
667367,2026-04-22,dalmatinskiportal.hr,Secular/other,1,0,0,none,0,3
667482,2026-04-22,novilist.hr,Secular/other,1,0,0,none,0,3
667487,2026-04-22,dnevno.hr,Secular/other,1,0,0,none,0,3
667490,2026-04-22,tportal.hr,Secular/other,1,0,0,none,0,3
667718,2026-04-21,dnevno.hr,Secular/other,1,1,0,cost_relig_life,1,3
668667,2026-01-08,vinkulja.hr,Secular/other,1,1,0,cost_relig_life,1,3
668910,2026-01-07,novilist.hr,Secular/other,1,0,0,none,0,3
670548,2026-04-25,sjeverni.info,Secular/other,1,0,1,none,0,3
670944,2026-04-28,portalnovosti.com,Secular/other,0,0,0,none,0,3
672363,2026-04-30,dnevnik.hr,Secular/other,1,0,0,none,0,3
673972,2026-05-01,freedom.hr,Secular/other,1,0,0,none,0,3
674006,2026-05-01,dnevnik.hr,Secular/other,1,0,0,none,0,3
674089,2026-05-01,ideje.hr,Secular/other,1,0,1,none,0,3
674307,2026-05-04,Miletić Marin,Secular/other,1,0,0,none,0,3
674464,2026-05-04,hrt.hr,Secular/other,1,0,0,none,0,3
674471,2026-05-04,direktno.hr,Secular/other,1,0,0,none,0,3
675296,2026-05-03,hia.com.hr,Secular/other,1,0,0,none,0,3
675329,2026-05-03,index.hr,Secular/other,1,0,0,none,0,3
676690,2026-05-05,index.hr,Secular/other,1,0,1,none,0,3
677479,2026-05-09,scena.ba,Secular/other,1,1,0,cost_relig_life,1,3
677644,2026-05-09,vecernji.hr,Secular/other,1,0,0,none,0,3
677812,2026-05-09,dnevnik.hr,Secular/other,1,0,0,none,0,3
677948,2026-05-09,croativ.net,Secular/other,1,0,0,none,0,3
678008,2026-05-08,croativ.net,Secular/other,1,0,0,none,0,3
679840,2026-05-16,dnevno.hr,Secular/other,0,1,0,other,0,3
680279,2026-01-10,zagrebi.hr,Secular/other,1,0,1,none,0,3
680342,2026-01-10,net.hr,Secular/other,1,0,1,none,0,3
681068,2026-01-09,plusportal.hr,Secular/other,1,1,0,cost_relig_life,1,3
681216,2026-01-09,NoFutureIn21Century @ r/askcroatia,Secular/other,1,1,0,cost_relig_life,1,3
681291,2026-01-09,caritas.hr,Catholic,1,1,0,charity,1,3
681398,2026-05-18,hkm.hr,Catholic,1,1,0,charity,1,3
681555,2026-05-18,bloombergadria.com,Business,1,0,1,none,0,3
681835,2026-05-18,nasice.com,Secular/other,1,0,0,none,0,3
682690,2026-05-20,financije.hr,Secular/other,1,0,0,none,0,3
683137,2026-05-19,autograf.hr,Secular/other,1,1,0,justice,1,3
683471,2026-05-19,podravski.hr,Secular/other,1,1,0,cost_relig_life,1,3
683544,2026-05-19,dnevnik.hr,Secular/other,1,0,0,none,0,3
684909,2026-05-27,danica.hr,Secular/other,1,0,0,none,0,3
684910,2026-05-27,novine.hr,Secular/other,1,0,0,none,0,3
685740,2026-05-28,nsz.hr,Secular/other,1,0,0,none,0,3
686097,2026-05-28,dnevnik.hr,Secular/other,1,0,0,none,0,3
686393,2026-05-29,crovijesti.com,Secular/other,1,0,1,none,0,3
686399,2026-05-29,hrportfolio.hr,Secular/other,1,0,0,none,0,3
686623,2026-05-29,Zadarski list,Secular/other,1,0,0,none,0,3
686635,2026-05-29,novilist.hr,Secular/other,1,0,0,none,0,3
686812,2026-05-29,dnevnik.hr,Secular/other,1,0,0,none,0,3
686862,2026-05-29,forum.tm,Secular/other,1,0,0,none,0,3
687162,2026-05-30,istra24.hr,Secular/other,1,0,0,none,0,3
687202,2026-05-30,glas-slavonije.hr,Secular/other,1,0,0,none,0,3
687293,2026-05-30,glasistre.hr,Secular/other,1,0,0,none,0,3
687296,2026-05-30,lidermedia.hr,Business,1,0,0,none,0,3
687298,2026-05-30,telegram.hr,Secular/other,1,0,0,none,0,3
687301,2026-05-30,vecernji.hr,Secular/other,1,0,0,none,0,3
687306,2026-05-30,jutarnji.hr,Secular/other,1,0,0,none,0,3
687308,2026-05-30,n1info.hr,Secular/other,1,0,0,none,0,3
687309,2026-05-30,24sata.hr,Secular/other,1,0,0,none,0,3
687310,2026-05-30,dnevnik.hr,Secular/other,1,0,0,none,0,3
687367,2026-05-30,sibenik.in,Secular/other,1,0,0,none,0,3
687715,2026-01-12,crovijesti.com,Secular/other,1,1,1,institution,0,3
687855,2026-01-12,vecernji.hr,Secular/other,1,1,1,institution,0,3
688531,2026-01-11,novilist.hr,Secular/other,1,1,1,institution,0,3
688717,2026-05-31,poslovni.hr,Business,0,0,0,none,0,3
689091,2026-05-31,makarskadanas.hr,Secular/other,1,0,0,none,0,3
689096,2026-05-31,Comprehensive-Tip-24 @ r/bih,Secular/other,1,0,0,none,0,3
689744,2026-06-02,lisinski.hr,Secular/other,1,0,0,none,0,3
689799,2026-06-02,vecernji.hr,Secular/other,1,0,0,none,0,3
690294,2026-06-03,hrportfolio.hr,Secular/other,1,0,0,none,0,3
690304,2026-06-03,novilist.hr,Secular/other,1,0,0,none,0,3
690331,2026-06-03,dnevnik.hr,Secular/other,1,0,0,none,0,3
690344,2026-06-03,24sata.hr,Secular/other,1,0,0,none,0,3
690352,2026-06-03,n1info.hr,Secular/other,1,0,0,none,0,3
690364,2026-06-03,hrt.hr,Secular/other,1,0,0,none,0,3
690372,2026-06-03,index.hr,Secular/other,1,0,0,none,0,3
690374,2026-06-03,tportal.hr,Secular/other,1,0,0,none,0,3
691342,2026-06-04,net.hr,Secular/other,1,0,0,none,0,3
691345,2026-06-04,dnevnik.hr,Secular/other,1,0,0,none,0,3
691480,2026-06-04,net.hr,Secular/other,1,0,0,none,0,3
691534,2026-06-04,sbperiskop.net,Secular/other,1,0,0,none,0,3
691893,2026-06-05,sjever.hr,Secular/other,1,0,0,none,0,3
691954,2026-06-05,net.hr,Secular/other,1,0,0,none,0,3
692688,2026-06-06,narod.hr,Secular/other,1,0,0,none,0,3
692898,2026-06-06,lupus_magnifica @ r/croatia,Secular/other,1,0,0,none,0,3
693340,2026-06-07,tportal.hr,Secular/other,1,0,0,none,0,3
693663,2026-06-08,hrt.hr,Secular/other,1,0,0,none,0,3
694303,2026-01-27,n1info.hr,Secular/other,1,0,1,none,0,3
694336,2026-01-27,hrt.hr,Secular/other,1,0,1,none,0,3
695424,2026-01-14,crovijesti.com,Secular/other,1,1,1,institution,0,3
695863,2026-01-14,jutarnji.hr,Secular/other,1,1,1,institution,0,3
695864,2026-01-14,jutarnji.hr,Secular/other,1,1,1,institution,0,3
695902,2026-01-13,poslovni.hr,Business,1,1,1,institution,0,3
695907,2026-01-13,crovijesti.com,Secular/other,1,1,1,institution,0,3
696770,2026-02-02,crovijesti.com,Secular/other,1,1,1,institution,0,3
697166,2026-02-03,crovijesti.com,Secular/other,1,0,0,none,0,3
697281,2026-02-03,dalmacijadanas.hr,Secular/other,1,0,0,none,0,3
697718,2026-02-03,"Dobro jutro, Hrvatska",Secular/other,1,0,0,none,0,3
698780,2026-01-16,JASKA online,Secular/other,1,0,0,none,0,3
698788,2026-01-16,novilist.hr,Secular/other,1,1,1,institution,0,3
698853,2026-01-16,tportal.hr,Secular/other,1,1,1,institution,0,3
698884,2026-01-16,jutarnji.hr,Secular/other,1,1,1,institution,0,3
698893,2026-01-16,24sata.hr,Secular/other,1,1,1,institution,0,3
698895,2026-01-16,glas-slavonije.hr,Secular/other,1,1,1,institution,0,3
698916,2026-01-16,glasistre.hr,Secular/other,1,1,1,institution,0,3
699132,2026-01-16,glasistre.hr,Secular/other,1,0,0,none,0,3
699331,2026-01-15,antenazadar.hr,Secular/other,1,0,0,none,0,3
699667,2026-01-15,jutarnji.hr,Secular/other,1,0,1,none,0,3
699668,2026-01-15,jutarnji.hr,Secular/other,1,0,1,none,0,3
699739,2026-02-12,autograf.hr,Secular/other,1,0,0,none,0,3
699813,2026-02-12,totalinfo.hr,Secular/other,1,0,1,none,0,3
703458,2026-02-19,slobodnadalmacija.hr,Secular/other,1,0,0,none,0,3
703752,2026-02-19,slobodnadalmacija.hr,Secular/other,1,0,0,none,0,3
703903,2026-01-18,dnevnik.hr,Secular/other,1,1,0,cost_relig_life,1,3
703909,2026-01-18,vecernji.hr,Secular/other,1,1,0,cost_relig_life,1,3
703927,2026-01-18,zagorje.com,Secular/other,1,0,0,none,0,3
704032,2026-01-18,dalmatinskiportal.hr,Secular/other,1,1,0,cost_relig_life,1,3
704144,2026-01-18,zagorje-international.hr,Secular/other,1,1,0,cost_relig_life,1,3
704153,2026-01-18,Novi list,Secular/other,1,1,0,cost_relig_life,1,3
704191,2026-01-18,novizivot.net,Catholic,1,1,0,cost_relig_life,1,3
704198,2026-01-18,Zagorje.com,Secular/other,1,1,0,cost_relig_life,1,3
704199,2026-01-18,035portal.hr,Secular/other,1,1,0,cost_relig_life,1,3
704203,2026-01-18,zagorje.com,Secular/other,1,1,0,cost_relig_life,1,3
704207,2026-01-18,novilist.hr,Secular/other,1,1,0,cost_relig_life,1,3
704242,2026-01-18,osijekexpress.com,Secular/other,1,1,0,cost_relig_life,1,3
704259,2026-01-18,crovijesti.com,Secular/other,1,1,0,cost_relig_life,1,3
704335,2026-01-17,danica.hr,Secular/other,1,1,0,cost_relig_life,1,3
705975,2026-02-24,bloombergadria.com,Business,1,0,1,none,0,3
706904,2026-02-25,bloombergadria.com,Business,1,0,1,none,0,3
707092,2026-02-26,sdlsn.hr,Secular/other,1,0,0,none,0,3
708003,2026-02-27,net.hr,Secular/other,1,0,0,none,0,3
708881,2026-03-01,magicus.info,Secular/other,0,0,0,none,0,3
